"032568","1211 N COUNTRY CLUB DR STE 4, MESA, AZ, 85201","Match","Exact","1211 N COUNTRY CLUB DR, MESA, AZ, 85201","-111.839801699497,33.437103548848","128923153","R","04","013","420506","1012"
"032564","4502 W INDIAN SCHOOL RD STE A4-11, PHOENIX, AZ, 85031","Match","Non_Exact","4502 W INDIAN SCHOOL RD, PHOENIX, AZ, 85031","-112.156060682104,33.495013456313","128198345","R","04","013","109300","1004"
"032565","1011 E PENNSYLVANIA ST, TUCSON, AZ, 85719","Match","Non_Exact","1011 E PENNSYLVANIA ST, TUCSON, AZ, 85714","-110.956084266102,32.17185230995","121173349","L","04","019","002201","2022"
"032562","1699 E COTTONWOOD ST, A-200, COTTONWOOD, AZ, 86326","Match","Non_Exact","1699 E COTTONWOOD ST, COTTONWOOD, AZ, 86326","-112.004745683205,34.72853170553","159508554","L","04","025","002003","1026"
"032561","1875 E Sabin Dr, CASA GRANDE, AZ, 85122","Match","Exact","1875 E SABIN DR, CASA GRANDE, AZ, 85122","-111.705736264696,32.881519752027","129252169","R","04","021","001405","2013"
"032579","9666 E RIGGS RD STE 143, SUN LAKES, AZ, 85248","Match","Exact","9666 E RIGGS RD, SUN LAKES, AZ, 85248","-111.874562266442,33.218183180961","640590919","R","04","013","817300","1037"
"032578","11540 E UNIVERSITY DR STE 109, APACHE JUNCTION, AZ, 85120","Match","Exact","11540 E UNIVERSITY DR, APACHE JUNCTION, AZ, 85120","-111.581389280875,33.422394917515","128794714","L","04","013","420112","2032"
"032575","1500 S WHITE MOUNTAIN BLVD STE 204, SHOW LOW, AZ, 85901","Match","Non_Exact","1500 S WHITE MOUNTAIN RD, SHOW LOW, AZ, 85901","-110.026599197056,34.236550485627","635837128","L","04","017","961702","2005"
"032573","7490 S CAMINO DE OESTE, TUCSON, AZ, 85757","Match","Non_Exact","7490 S CAM DE OESTE, TUCSON, AZ, 85746","-111.063232054182,32.11532004502","121240864","R","04","019","941000","1008"
"032571","16101 N 82ND ST STE 6-7, SCOTTSDALE, AZ, 85260","Match","Exact","16101 N 82ND ST, SCOTTSDALE, AZ, 85260","-111.903643282881,33.632445970555","128261029","L","04","013","216816","1002"
"032572","13000 N 103RD AVE STE 66, SUN CITY, AZ, 85351","Match","Exact","13000 N 103RD AVE, SUN CITY, AZ, 85351","-112.281320554611,33.602443848656","128912144","L","04","013","071503","3017"
"032580","13657 W MCDOWELL RD STE 106, GOODYEAR, AZ, 85338","Match","Non_Exact","13657 W MCDOWELL RD, GOODYEAR, AZ, 85395","-112.353361826292,33.464302885822","128948815","L","04","013","061048","1008"
"032549","1250 S 20TH AVE, SAFFORD, AZ, 85546","Match","Exact","1250 S 20TH AVE, SAFFORD, AZ, 85546","-109.733073757245,32.826483313235","128063671","L","04","009","961202","1032"
"032546","12213 W BELL ROAD STE 110, SURPRISE, AZ, 85374","Match","Non_Exact","12213 W BELL RD, SURPRISE, AZ, 85378","-112.322471367947,33.638554431809","244016295","R","04","013","060801","4002"
"032544","2145 Mesquite Ave, LAKE HAVASU CITY, AZ, 86403","Match","Exact","2145 MESQUITE AVE, LAKE HAVASU CITY, AZ, 86403","-114.326078481692,34.476544614027","190330249","R","04","015","953100","3003"
"032545","26 E BASELINE STE 142, PHOENIX, AZ, 85042","Match","Non_Exact","26 E BASELINE RD, PHOENIX, AZ, 85042","-112.072855984907,33.377828574629","128323904","L","04","013","116500","3018"
"032542","4021 N. 30th Street, PHOENIX, AZ, 85016","Match","Exact","4021 N 30TH ST, PHOENIX, AZ, 85016","-112.017209271088,33.493428875557","128219470","R","04","013","110801","3000"
"032543","1605 N. Industrial Park Dr. STE H, NOGALES, AZ, 85621","Match","Non_Exact","1605 N INDUSTRIAL PARK DR, NOGALES, AZ, 85621","-110.94766968854,31.362102977537","120861930","L","04","023","966401","1003"
"032540","1041 N ARIZOLA RD, CASA GRANDE, AZ, 85122","Match","Exact","1041 N ARIZOLA RD, CASA GRANDE, AZ, 85122","-111.714175666897,32.883595819844","657392394","L","04","021","001405","1022"
"032541","1449 W SOUTHERN AVE, TEMPE, AZ, 85282","Match","Exact","1449 W SOUTHERN AVE, TEMPE, AZ, 85282","-111.962816177875,33.392812955814","128794600","L","04","013","319708","1000"
"032559","HWY 163, KAYENTA, AZ, 86033","No_Match"
"032558","2650 MIRACLE MILE, BULLHEAD CITY, AZ, 86442","Match","Exact","2650 MIRACLE MILE, BULLHEAD CITY, AZ, 86442","-114.59641269952,35.090512871315","190317592","R","04","015","951503","2018"
"032556","7179 E 31ST PL, YUMA, AZ, 85365","Match","Exact","7179 E 31ST PL, YUMA, AZ, 85365","-114.510194146808,32.671605437707","632283271","R","04","027","011121","2030"
"032553","5115 East Thomas Rd, PHOENIX, AZ, 85018","Match","Exact","5115 E THOMAS RD, PHOENIX, AZ, 85018","-111.970949731471,33.480004314989","128829271","R","04","013","111201","2000"
"032551","1337 S GILBERT RD STE 109, MESA, AZ, 85204","Match","Exact","1337 S GILBERT RD, MESA, AZ, 85204","-111.788242932026,33.391245504104","128246952","L","04","013","422503","2002"
"032550","1957 W DUNLAP AVE STE 6C, PHOENIX, AZ, 85021","Match","Exact","1957 W DUNLAP AVE, PHOENIX, AZ, 85021","-112.102967838523,33.567525430912","658495478","L","04","013","105502","2000"
"032528","5750 W THUNDERBIRD RD BLDG G #750, GLENDALE, AZ, 85306","Match","Non_Exact","5750 W THUNDERBIRD RD, GLENDALE, AZ, 85306","-112.181992738853,33.610808574407","639284377","R","04","013","104217","2026"
"032526","1457 W SOUTHERN AVE STE 19, MESA, AZ, 85202","Match","Exact","1457 W SOUTHERN AVE, MESA, AZ, 85202","-111.861881242102,33.393042564344","128793601","L","04","013","422224","1001"
"032524","2201 N VICKEY STREET, STE 120, FLAGSTAFF, AZ, 86004","Match","Exact","2201 N VICKEY ST, FLAGSTAFF, AZ, 86004","-111.606092514679,35.20663513675","658099962","L","04","005","000800","5007"
"032525","9220 E MOUNTAIN VIEW RD STE 105, SCOTTSDALE, AZ, 85258","Match","Exact","9220 E MOUNTAIN VIEW RD, SCOTTSDALE, AZ, 85258","-111.880458100135,33.576042490832","128289938","L","04","013","216810","1017"
"752582","610 N PASTORIA AVE, SUNNYVALE, CA, 94085","Match","Exact","610 N PASTORIA AVE, SUNNYVALE, CA, 94085","-122.033444929236,37.393111332698","122956888","R","06","085","509102","1006"
"032522","12205 KENNEDY DRIVE, PARKER, AZ, 85344","No_Match"
"032523","980 WILLOW CREEK RD STE 101, PRESCOTT, AZ, 86301","Match","Exact","980 WILLOW CREEK RD, PRESCOTT, AZ, 86301","-112.482217286981,34.559671154786","657580284","L","04","025","001004","2017"
"032520","629 N HIGHWAY 90 BYP, STE 6, SIERRA VISTA, AZ, 85635","Match","Non_Exact","629 STATE RTE 90, SIERRA VISTA, AZ, 85635","-110.257227030705,31.559127084884","121017563","R","04","003","001702","1015"
"032521","5957 W NORTHERN AVE STE 108, GLENDALE, AZ, 85301","Match","Exact","5957 W NORTHERN AVE, GLENDALE, AZ, 85301","-112.188837788771,33.5529762011","128192833","L","04","013","092600","1001"
"752577","2600 N. WILMINGTON AVENUE, COMPTON, CA, 90222","Match","Exact","2600 N WILMINGTON AVE, COMPTON, CA, 90222","-118.238991058449,33.915606903503","642860994","R","06","037","541300","3000"
"752578","3575 WHITTIER BLVD, Los Angeles, CA, 90023","Match","Exact","3575 WHITTIER BLVD, LOS ANGELES, CA, 90023","-118.196662041544,34.02594758034","141624954","L","06","037","204910","1002"
"032539","1525 N GILBERT RD STE 121, GILBERT, AZ, 85234","Match","Exact","1525 N GILBERT RD, GILBERT, AZ, 85234","-111.788310956246,33.377577340161","657442480","R","04","013","422508","1007"
"752596","963 Lane Avenue, CHULA VISTA, CA, 91914","Match","Exact","963 LANE AVE, CHULA VISTA, CA, 91914","-116.961390712297,32.650647739001","195671756","L","06","073","013424","3008"
"032537","5546 W ROOSEVELT ST STE 1, PHOENIX, AZ, 85043","Match","Exact","5546 W ROOSEVELT ST, PHOENIX, AZ, 85043","-112.178730350923,33.45882062107","128359058","L","04","013","112512","2003"
"752590","3350 CALIFORNIA BLVD, STE A, NAPA, CA, 94558","No_Match"
"752592","2195 IRON POINT RD, FOLSOM, CA, 95630","Match","Exact","2195 IRON POINT RD, FOLSOM, CA, 95630","-121.133385745368,38.645225436143","133392967","L","06","067","008507","2025"
"032536","721 MIKE'S PIKE STREET, WINSLOW, AZ, 86047","Match","Exact","721 MIKE'S PIKE ST, WINSLOW, AZ, 86047","-110.701087620257,35.040750476141","172606436","L","04","017","960600","1022"
"752593","790 E MANNING AVE, REEDLEY, CA, 93654","Match","Exact","790 E MANNING AVE, REEDLEY, CA, 93654","-119.441013468641,36.604204736567","197594283","L","06","019","006605","1004"
"032533","2250 HIGHWAY 60 STE O-2, MIAMI, AZ, 85539","Match","Exact","2250 US HWY 60, MIAMI, AZ, 85539","-110.825555015946,33.417661400095","159386768","R","04","007","001000","2042"
"032530","3815 E. BELL ROAD STE. 1100, PHOENIX, AZ, 85032","Match","Exact","3815 E BELL RD, PHOENIX, AZ, 85032","-111.999004105629,33.640609901135","639303788","R","04","013","103303","1000"
"752588","19231 Victory Blvd #103, Reseda, CA, 91335","Match","Exact","19231 VICTORY BLVD, RESEDA, CA, 91335","-118.552434377145,34.186633252763","141554327","R","06","037","133101","2000"
"752589","1700 N ROSE AVE., STE 370, OXNARD, CA, 93030","Match","Exact","1700 N ROSE AVE, OXNARD, CA, 93030","-119.158196298387,34.217201053211","110126299","R","06","111","004901","2000"
"032508","1021 S 7TH AVE STE 108, PHOENIX, AZ, 85007","Match","Exact","1021 S 7TH AVE, PHOENIX, AZ, 85007","-112.082465744785,33.437829935686","653173171","L","04","013","114200","1064"
"032509","135 S POWER RD STE 103, MESA, AZ, 85206","Match","Exact","135 S POWER RD, MESA, AZ, 85206","-111.684462769614,33.412815228565","128252452","L","04","013","422626","1012"
"032506","500 Edgewater Drive, TUBA CITY, AZ, 86045","No_Match"
"752564","41549 KALMIA ST, MURRIETA, CA, 92562","Match","Exact","41549 KALMIA ST, MURRIETA, CA, 92562","-117.211401177358,33.560791590614","194714356","L","06","065","049800","1003"
"032502","2130 W 24TH ST, YUMA, AZ, 85364","Match","Exact","2130 W 24TH ST, YUMA, AZ, 85364","-114.646479182745,32.684011303896","129639243","R","04","027","000901","2006"
"032503","13090 N 94TH DR STE 100, PEORIA, AZ, 85381","Match","Exact","13090 N 94TH DR, PEORIA, AZ, 85381","-112.262751572169,33.60245544834","639303986","R","04","013","071516","1003"
"032500","1780 W ANKLAM RD, TUCSON, AZ, 85745","Match","Exact","1780 W ANKLAM RD, TUCSON, AZ, 85745","-111.0040451009,32.225837522968","121192814","R","04","019","004415","1011"
"032501","6420 E BROADWAY BLVD STE C300, TUCSON, AZ, 85710","Match","Exact","6420 E BROADWAY BLVD, TUCSON, AZ, 85710","-110.856162232649,32.22098717492","636480343","R","04","019","003302","1000"
"052591","2111 N. Garey Avenue, Pomona, CA, 91767","Match","Exact","2111 N GAREY AVE, POMONA, CA, 91767","-117.751406910565,34.085918573696","640424903","L","06","037","402200","1008"
"052597","27640 Marguerite Parkway, Mission Viejo, CA, 92692","Match","Exact","27640 MARGUERITE PKWY, MISSION VIEJO, CA, 92692","-117.658258806074,33.562154636693","609045510","L","06","059","032022","4000"
"752554","1948 VIA CENTRE, VISTA, CA, 92081","Match","Exact","1948 VIA CENTRE, VISTA, CA, 92081","-117.282830476097,33.184197733107","195448436","R","06","073","019805","1001"
"752555","160 COUNTRY CLUB DR, SOUTH SAN FRANCISCO, CA, 94080","Match","Exact","160 COUNTRY CLUB DR, SOUTH SAN FRANCISCO, CA, 94080","-122.42878359496,37.645488133297","636767194","R","06","081","602400","4010"
"752556","16364 BEACH BLVD, WESTMINSTER, CA, 92683","No_Match"
"752572","5949 STATE STREET, HUNTINGTON PARK, CA, 90255","Match","Exact","5949 STATE ST, HUNTINGTON PARK, CA, 90255","-118.212807124073,33.988215025855","241243967","R","06","037","532500","3002"
"032517","3421 N 7TH AVE, PHOENIX, AZ, 85013","Match","Exact","3421 N 7TH AVE, PHOENIX, AZ, 85013","-112.08311639612,33.48691830763","128206349","R","04","013","110501","3003"
"052589","1809 W. Chapman Avenue, Orange, CA, 92868","Match","Exact","1809 W CHAPMAN AVE, ORANGE, CA, 92868","-117.872052041985,33.787941306759","144041208","R","06","059","076105","3004"
"032518","US HWY 191, CHINLE, AZ, 86503","No_Match"
"032516","912 W CHANDLER BLVD BLDG A-D, CHANDLER, AZ, 85225","Match","Non_Exact","912 W CHANDLER BLVD, CHANDLER, AZ, 85225","-111.857052478232,33.30610638238","633219908","R","04","013","523002","3022"
"032513","HWY 86 - MP 113, SELLS, AZ, 85634","No_Match"
"032514","2022 E PRINCE RD, TUCSON, AZ, 85719","Match","Exact","2022 E PRINCE RD, TUCSON, AZ, 85719","-110.941015629378,32.272165361113","121406990","R","04","019","002702","1004"
"052583","2066 NORTH FREMONT BLVD, MONTEREY, CA, 93940","Match","Non_Exact","2066 FREMONT ST, MONTEREY, CA, 93940","-121.863466796552,36.595959129713","196815751","R","06","053","013300","1006"
"052581","1045 W. Redondo Beach Blvd., Suite 105, Gardena, CA, 90247","Match","Exact","1045 W REDONDO BEACH BLVD, GARDENA, CA, 90247","-118.293164570427,33.892490483776","141667322","R","06","037","603004","1000"
"052580","1547 W. Garvey Avenue North, West Covina, CA, 91790","Match","Exact","1547 W GARVEY AVE N, WEST COVINA, CA, 91790","-117.939301298492,34.072783922902","141711742","R","06","037","405302","3016"
"052585","14624 Sherman Way, Suite 106, Van Nuys, CA, 91405","Match","Exact","14624 SHERMAN WAY, VAN NUYS, CA, 91405","-118.451902823391,34.201050306005","648859396","L","06","037","127803","1002"
"052584","3393 G STREET, SUITE A, MERCED, CA, 95340","Match","Non_Exact","3393 G ST, MERCED, CA, 95340","-120.469230231969,37.326344721512","655809546","L","06","047","001006","3012"
"052590","11859 Compton Avenue, Los Angeles, CA, 90059","Match","Exact","11859 COMPTON AVE, LOS ANGELES, CA, 90059","-118.246336244526,33.925008708278","141674287","R","06","037","540700","2020"
"672786","15103 Mason Rd, CYPRESS, TX, 77433","Match","Exact","15103 MASON RD, CYPRESS, TX, 77433","-95.738974368479,29.992794525085","233448416","R","48","201","555703","3007"
"672787","1319 W Sam Houston Pkwy N, HOUSTON, TX, 77043","No_Match"
"672788","11000 N Riverside Drive, Fort Worth, TX, 76244","No_Match"
"672789","402 N Carrier Parkway, GRAND PRAIRIE, TX, 75050","Match","Exact","402 N CARRIER PKWY, GRAND PRAIRIE, TX, 75050","-97.016551038416,32.744669137074","103224112","L","48","113","015500","1034"
"672782","7065 East FWY, HOUSTON, TX, 77020","Match","Exact","7065 EAST FWY, HOUSTON, TX, 77020","-95.298999307411,29.775365885386","96080674","L","48","201","212400","1034"
"672784","2276 Business Center Drive, PEARLAND, TX, 77584","Match","Exact","2276 BUS CENTER DR, PEARLAND, TX, 77584","-95.390633616223,29.565565264593","614108411","R","48","039","660607","2002"
"672785","2535 WEST AIRPORT FWY, IRVING, TX, 75062","Match","Exact","2535 W AIRPORT FWY, IRVING, TX, 75062","-96.979938633252,32.837673790166","638383725","R","48","113","014306","4011"
"672791","2651 BOLTON BOONE DRIVE, DESOTO, TX, 75115","Match","Exact","2651 BOLTON BOONE DR, DESOTO, TX, 75115","-96.878520394517,32.643472883997","657162635","R","48","113","016638","1027"
"672792","1644 RESEARCH FOREST DRIVE, SHENANDOAH, TX, 77381","Match","Exact","1644 RESEARCH FOREST DR, SHENANDOAH, TX, 77381","-95.461255078747,30.177081670542","79342996","L","48","339","690702","1008"
"672797","5832 S Hulen St, FORT WORTH, TX, 76132","Match","Exact","5832 S HULEN ST, FORT WORTH, TX, 76132","-97.40243836237,32.664041200398","102131145","R","48","439","105514","2011"
"672798","16035 Lexington Blvd, SUGAR LAND, TX, 77479","Match","Exact","16035 LEXINGTON BLVD, SUGAR LAND, TX, 77479","-95.617311157187,29.593908132529","227754815","R","48","157","674002","2024"
"672793","1650 REPUBLIC PARKWAY, MESQUITE, TX, 75150","Match","Exact","1650 REPUBLIC PKWY, MESQUITE, TX, 75150","-96.62581612243,32.828845312865","103168796","L","48","113","018130","3010"
"672794","1128 North I-35 East, CARROLLTON, TX, 75006","No_Match"
"672795","101 E Southwest Pkwy, LEWISVILLE, TX, 75067","Match","Exact","101 E SOUTHWEST PKWY, LEWISVILLE, TX, 75067","-96.992801687905,33.019207290098","614160092","R","48","121","021739","1005"
"672796","224 Memorial Drive, GATESVILLE, TX, 76528","Match","Exact","224 MEMORIAL DR, GATESVILLE, TX, 76528","-97.778073145018,31.435126315155","146557290","L","48","099","010300","2020"
"672764","1426 KINGWOOD DRIVE, KINGWOOD, TX, 77339","Match","Exact","1426 KINGWOOD DR, KINGWOOD, TX, 77339","-95.234354877453,30.049358487038","647558468","R","48","201","251100","3000"
"672766","625 W CENTRAL TEXAS EXPRESSWAY, HARKER HEIGHTS, TX, 76548","Match","Exact","625 W CENTRAL TEXAS EXPY, HARKER HEIGHTS, TX, 76548","-97.680660949444,31.074299064214","656176184","R","48","027","021901","2018"
"672767","3333 BAYSHORE BLVD, PASADENA, TX, 77504","Match","Exact","3333 BAYSHORE BLVD, PASADENA, TX, 77504","-95.183692804328,29.662829661711","657531324","L","48","201","323701","1006"
"502609","3630 S CEDAR ST, TACOMA, WA, 98409","Match","Exact","3630 S CEDAR ST, TACOMA, WA, 98409","-122.476456189598,47.225650506939","184620493","R","53","053","062600","2027"
"672760","4816 EAST CHASE STREET, BAYTOWN, TX, 77521","Match","Non_Exact","4816 EAST FWY, BAYTOWN, TX, 77521","-94.985150074682,29.803762343589","96638103","R","48","201","253202","1003"
"672762","2420 LAKESHORE DRIVE, WACO, TX, 76708","Match","Exact","2420 LAKE SHORE DR, WACO, TX, 76708","-97.187132778017,31.591093976842","146757861","L","48","309","003000","2000"
"502605","16290 Auto Lane, Sumner, WA, 98390","Match","Exact","16290 AUTO LN, SUMNER, WA, 98390","-122.21109123845,47.197141972793","184719004","L","53","053","070401","1001"
"502606","5240 W Lowell Ave., Spokane, WA, 99208","Match","Exact","5240 W LOWELL AVE, SPOKANE, WA, 99208","-117.486597294316,47.737253603202","189867554","R","53","063","010603","2018"
"502607","5200 Yelm Hwy SE, Lacey, WA, 98503","Match","Exact","5200 YELM HWY SE, LACEY, WA, 98503","-122.815887773613,46.996251167252","648286616","L","53","067","011625","1003"
"502601","4401 S. Trenton St, Seattle, WA, 98118","Match","Exact","4401 S TRENTON ST, SEATTLE, WA, 98118","-122.277977126837,47.52422670879","638599737","R","53","033","011700","1018"
"672768","1310 MURCHINSON DRIVE, EL PASO, TX, 79902","Match","Non_Exact","1310 MURCHISON DR, EL PASO, TX, 79902","-106.486803048234,31.778681321595","189408788","R","48","141","002201","1016"
"502602","19663 State Route 410 E, Bonney Lake, WA, 98391","Match","Non_Exact","19663 STATE RTE 410, BONNEY LAKE, WA, 98391","-122.169279705058,47.169872335235","654973460","R","53","053","070310","3000"
"672769","5672 HIGHWAY 6, MISSOURI CITY, TX, 77459","Match","Exact","5672 STATE HWY 6, MISSOURI CITY, TX, 77459","-95.569637909424,29.571398713433","227746413","L","48","157","674302","3000"
"502603","1010 SE Everett Mall Way, Everett, WA, 98208","Match","Exact","1010 SE EVERETT MALL WAY, EVERETT, WA, 98208","-122.219113645457,47.910630357615","654535978","R","53","061","041805","2005"
"502604","1221 Highland Ave, Clarkston, WA, 99403","Match","Exact","1221 HIGHLAND AVE, CLARKSTON, WA, 99403","-117.054438768671,46.403573447783","173108438","L","53","003","960500","4008"
"502610","900 13th Ave SW, Quincy, WA, 98848","Match","Exact","900 13TH AVE SW, QUINCY, WA, 98848","-119.875001625348,47.231217466101","651211552","R","53","025","010600","1005"
"502611","730 NW GILMAN BLVD C110, ISSAQUAH, WA, 98027","Match","Non_Exact","730 NW GILMAN BLVD, ISSAQUAH, WA, 98027","-122.049196063495,47.544171227855","187076634","R","53","033","032103","1001"
"672770","2107 FORT WORTH HIGHWAY, WEATHERFORD, TX, 76086","Match","Exact","2107 FORT WORTH HWY, WEATHERFORD, TX, 76086","-97.740097206996,32.757040299713","636351883","R","48","367","140711","2018"
"672775","433 W SAM HOUSTON BLVD, PHARR, TX, 78577","Match","Exact","433 W SAM HOUSTON BLVD, PHARR, TX, 78577","-98.190856814125,26.188610103371","71504097","L","48","215","021407","2001"
"672776","3305 UNICORN LAKE BLVD, DENTON, TX, 76210","Match","Exact","3305 UNICORN LAKE BLVD, DENTON, TX, 76210","-97.096466102953,33.1732744988","627997042","L","48","121","021306","1017"
"672777","2000 BOCA CHICA BLVD, BROWNSVILLE, TX, 78521","Match","Exact","2000 BOCA CHICA BLVD, BROWNSVILLE, TX, 78521","-97.490149587069,25.922109421262","90012254","R","48","061","013401","2008"
"672778","2500 W PLEASANT RUN RD, LANCASTER, TX, 75146","No_Match"
"672772","9811 SOUTH IH35, AUSTIN, TX, 78744","Match","Non_Exact","9811 S I- 35, AUSTIN, TX, 78744","-97.787590531209,30.16266710912","642470505","L","48","453","002451","2012"
"672773","13525 EAST FREEWAY, HOUSTON, TX, 77015","Match","Exact","13525 EAST FWY, HOUSTON, TX, 77015","-95.184775698558,29.771041609933","96632963","L","48","201","233200","3025"
"672774","21755 PROVINCIAL BLVD, KATY, TX, 77450","Match","Exact","21755 PROVINCIAL BLVD, KATY, TX, 77450","-95.748482646501,29.779586172659","638066783","L","48","201","454600","3005"
"502600","11950 47th Avenue SW, Lakewood, WA, 98499","Match","Exact","11950 47TH AVE SW, LAKEWOOD, WA, 98499","-122.499230150947,47.149291402435","184623982","R","53","053","071806","1007"
"672780","1800 Round Rock Avenue, ROUND ROCK, TX, 78681","Match","Exact","1800 ROUND ROCK AVE, ROUND ROCK, TX, 78681","-97.701625709975,30.512732276239","126424275","R","48","491","020505","2010"
"672781","8787 FALLBROOK DR, HOUSTON, TX, 77064","No_Match"
"452682","2280 SPRINGLAKE ROAD, FARMERS BRANCH, TX, 75234","Match","Exact","2280 SPRINGLAKE RD, FARMERS BRANCH, TX, 75234","-96.902955744852,32.919739661604","102889741","R","48","113","014002","1172"
"452678","8621 Fulton St, HOUSTON, TX, 77022","Match","Exact","8621 FULTON ST, HOUSTON, TX, 77022","-95.375667376696,29.838748824161","96057260","L","48","201","220500","2018"
"452679","1150 N BISHOP, DALLAS, TX, 75208","Match","Non_Exact","1150 N BISHOP AVE, DALLAS, TX, 75208","-96.826801864132,32.757761451017","102946124","R","48","113","004201","2001"
"452676","8560 MONROE, HOUSTON, TX, 77061","Match","Non_Exact","8560 MONROE RD, HOUSTON, TX, 77061","-95.264888408529,29.644141682771","657472128","L","48","201","333302","1006"
"453523","1805 NE Mustang Drive, Andrews, TX, 79714","Match","Exact","1805 NE MUSTANG DR, ANDREWS, TX, 79714","-102.549269254427,32.338532465854","139076195","R","48","003","950200","1011"
"452677","610 SOUTH  WAYSIDE DR, HOUSTON, TX, 77011","Match","Exact","610 S WAYSIDE DR, HOUSTON, TX, 77011","-95.307958734345,29.732934868751","96621478","R","48","201","310800","1009"
"452674","1225 E CLIFF DRIVE, EL PASO, TX, 79902","Match","Exact","1225 E CLIFF DR, EL PASO, TX, 79902","-106.486232561476,31.776202967612","189341142","L","48","141","002201","1017"
"453521","820 N 19TH ST, ABILENE, TX, 79601","Match","Exact","820 N 19TH ST, ABILENE, TX, 79601","-99.729390412007,32.47162849569","129961908","R","48","441","010200","1049"
"452675","380 W LITTLE YORK RD, HOUSTON, TX, 77076","Match","Exact","380 W LITTLE YORK RD, HOUSTON, TX, 77076","-95.404072532595,29.869906943086","96647328","R","48","201","221602","2024"
"453522","6146 Wurzbach Road, San Antonio, TX, 78238","Match","Exact","6146 WURZBACH RD, SAN ANTONIO, TX, 78238","-98.600807834463,29.488866738749","645149811","R","48","029","181506","3007"
"452672","910 SOUTH UTAH, WESLACO, TX, 78596","Match","Non_Exact","910 S UTAH AVE, WESLACO, TX, 78596","-97.978740594899,26.151815325854","624400588","R","48","215","022704","2010"
"452673","1720 E HIGHWAY 97, JOURDANTON, TX, 78026","Match","Non_Exact","1720 STATE HWY 97, JOURDANTON, TX, 78026","-98.537537084551,28.92333021452","642066949","L","48","013","960602","1004"
"452671","8925 HWY 6 NORTH, HOUSTON, TX, 77095","Match","Exact","8925 HWY 6 N, HOUSTON, TX, 77095","-95.630486503064,29.907943648269","642145344","L","48","201","541005","1016"
"502616","2214 Robbins St, Longview, WA, 98632","Match","Exact","2214 ROBBINS ST, LONGVIEW, WA, 98632","-123.016171308025,46.172265276202","657611235","R","53","015","000705","1014"
"502617","1501 O ST SW, AUBURN, WA, 98001","Match","Non_Exact","1501 O ST, AUBURN, WA, 98001","-122.249814870069,47.295595170766","186655293","L","53","033","030801","1033"
"502619","1859 MAIN ST #103, FERNDALE, WA, 98248","Match","Exact","1859 MAIN ST, FERNDALE, WA, 98248","-122.583519026716,48.844562956809","644140857","L","53","073","010600","1033"
"502612","1330 N 16th Ave, Yakima, WA, 98902","Match","Exact","1330 N 16TH AVE, YAKIMA, WA, 98902","-120.530453299285,46.619315787412","645996484","L","53","077","000301","1002"
"502613","16410 SMOKEY POINT BLVD STE 205, ARLINGTON, WA, 98223","Match","Exact","16410 SMOKEY POINT BLVD, ARLINGTON, WA, 98223","-122.183079650822,48.145359550455","638491375","L","53","061","052803","1012"
"502614","10821 SE 204th Street, Kent, WA, 98031","Match","Exact","10821 SE 204TH ST, KENT, WA, 98031","-122.196762902003,47.419411604006","186633497","R","53","033","029306","3003"
"502615","6816 W Rio Grande Ave, Kennewick, WA, 99336","Match","Exact","6816 W RIO GRANDE AVE, KENNEWICK, WA, 99336","-119.211465868864,46.221384565641","633077646","R","53","005","010901","2030"
"502620","467 Beechwood St, Woodland, WA, 98674","No_Match"
"502621","1300 SW 7TH ST STE E100, RENTON, WA, 98057","Match","Exact","1300 SW 7TH ST, RENTON, WA, 98057","-122.199806017993,47.47403646084","187007891","L","53","033","025704","2007"
"502622","3409 NW Camas Medows Dr, Camas, WA, 98607","Match","Exact","3409 NW CAMAS MEADOWS DR, CAMAS, WA, 98607","-122.447405309098,45.625193282786","648928280","R","53","011","040608","1011"
"453519","4201 Brook Spring Drive, Dallas, TX, 75244","Match","Non_Exact","4201 BROOK SPRING DR, DALLAS, TX, 75224","-96.842634229772,32.692830316544","102947863","R","48","113","006100","2033"
"452669","1003 N CLEVELAND ST, Dayton, TX, 77535","Match","Exact","1003 N CLEVELAND ST, DAYTON, TX, 77535","-94.893985650367,30.050096139033","24114274","R","48","291","700802","3008"
"453516","1120 EAST RIDGE ROAD, MCALLEN, TX, 78503","Match","Exact","1120 E RIDGE RD, MCALLEN, TX, 78503","-98.21074811908,26.183962475121","71558645","R","48","215","021204","2012"
"453517","2300 WEST COMMERCE ST, EASTLAND, TX, 76448","No_Match"
"452667","9350 KIRBY DRIVE   #110, HOUSTON, TX, 77054","Match","Exact","9350 KIRBY DR, HOUSTON, TX, 77054","-95.413099177448,29.668915674073","96599310","L","48","201","334101","3022"
"452665","123 N. US HWY 75, DENISON, TX, 75020","No_Match"
"453512","3750 COMMERCIAL AVE,  #110, SAN ANTONIO, TX, 78221","Match","Exact","3750 COMMERCIAL AVE, SAN ANTONIO, TX, 78221","-98.516147028607,29.335913943874","101692908","L","48","029","151700","4003"
"452666","2533 CENTRAL PALM DR, RIO GRANDE CITY, TX, 78582","Match","Exact","2533 CENTRAL PALM DR, RIO GRANDE CITY, TX, 78582","-98.857348471811,26.378348949057","640006741","L","48","427","950601","2005"
"452663","521 IH 45 S, HUNTSVILLE, TX, 77340","No_Match"
"452664","2787 PHARMACY RD, RIO GRANDE CITY, TX, 78582","Match","Exact","2787 PHARMACY RD, RIO GRANDE CITY, TX, 78582","-98.859284577444,26.375013358301","612089327","R","48","427","950601","2005"
"453511","3601 N MacGregor Way STE 1306, HOUSTON, TX, 77004","Match","Exact","3601 N MACGREGOR WAY, HOUSTON, TX, 77004","-95.359570791193,29.710647300505","96615774","L","48","201","312901","1000"
"452661","209 WEST PARK DRIVE, LIVINGSTON, TX, 77351","Match","Exact","209 W PARK DR, LIVINGSTON, TX, 77351","-94.942388094077,30.728873598073","643007749","L","48","373","210302","1060"
"372500","7201 CHEROKEE PLAZA, WARR ACRES, OK, 73132","Match","Exact","7201 CHEROKEE PLZ, WARR ACRES, OK, 73132","-97.613565066866,35.544350150354","100388783","R","40","109","106705","2002"
"032589","2024 E IRVINGTON RD, TUCSON, AZ, 85714","Match","Exact","2024 E IRVINGTON RD, TUCSON, AZ, 85714","-110.941616512407,32.163225789709","652596851","R","04","019","004110","1004"
"032587","21241 N 23RD AVE STE 11, PHOENIX, AZ, 85027","Match","Exact","21241 N 23RD AVE, PHOENIX, AZ, 85027","-112.108555732706,33.678486346707","128179041","L","04","013","614700","1039"
"372504","5636 E SKELLY DR, TULSA, OK, 74135","Match","Exact","5636 E SKELLY DR, TULSA, OK, 74135","-95.914369306343,36.100360631018","658037468","R","40","143","008600","1002"
"032583","4621 S CENTRAL AVE, PHOENIX, AZ, 85040","Match","Exact","4621 S CENTRAL AVE, PHOENIX, AZ, 85040","-112.073266973293,33.40435602795","128215430","L","04","013","115801","1006"
"032592","HIGHWAY 264 MILE MARKER 388, POLACCA, AZ, 86042","No_Match"
"452699","4111 CAMP WISDOM RD, DALLAS, TX, 75237","No_Match"
"452696","5310 BURNET ROAD, AUSTIN, TX, 78756","Match","Exact","5310 BURNET RD, AUSTIN, TX, 78756","-97.739733984067,30.326641619852","63931367","L","48","453","000206","3003"
"452697","1111 W LEDBETTER DRIVE, DALLAS, TX, 75224","No_Match"
"452694","7215 INTERSTATE HWY 30, GREENVILLE, TX, 75402","Match","Non_Exact","7215 I-30 E, GREENVILLE, TX, 75402","-96.106082556415,33.097580272884","642961479","R","48","231","961200","3031"
"452692","901 MEDICAL CENTER BLVD, ALICE, TX, 78332","No_Match"
"452693","2613 SWISS AVE, DALLAS, TX, 75204","Match","Exact","2613 SWISS AVE, DALLAS, TX, 75204","-96.78873369997,32.78656773323","103198211","L","48","113","002200","2014"
"452690","1901 NORTHWEST HWY, GARLAND, TX, 75041","Match","Exact","1901 NORTHWEST HWY, GARLAND, TX, 75041","-96.656675727497,32.864200308281","103238113","L","48","113","018401","1002"
"032599","15930 48th Street, PHOENIX, AZ, 85048","Match","Non_Exact","15930 S 48TH ST, PHOENIX, AZ, 85048","-111.980402288362,33.303317840137","613300774","R","04","013","116712","1009"
"032597","US 70 & AZ ROUTE 170, PERIDOT, AZ, 85542","No_Match"
"032596","3305 E GREENWAY RD STE 1, PHOENIX, AZ, 85032","Match","Exact","3305 E GREENWAY RD, PHOENIX, AZ, 85032","-112.011419134695,33.626268546338","128185251","R","04","013","103302","4006"
"032593","14510 W SHUMWAY DR STE 100, SUN CITY WEST, AZ, 85375","Match","Exact","14510 W SHUMWAY DR, SUN CITY WEST, AZ, 85375","-112.372086944785,33.662522143753","244012296","L","04","013","040507","3011"
"032594","10301 E OSBORN RD BLDG 14, SCOTTSDALE, AZ, 85256","Match","Exact","10301 E OSBORN RD, SCOTTSDALE, AZ, 85256","-111.860090015744,33.487735932958","128922596","R","04","013","941300","1075"
"452689","1210 ALSTON, FORT WORTH, TX, 76104","Match","Non_Exact","1210 ALSTON AVE, FORT WORTH, TX, 76104","-97.334257608564,32.732072054708","619873433","R","48","439","123700","1002"
"452687","314 South Hampton Rd, Dallas, TX, 75208","Match","Exact","314 S HAMPTON RD, DALLAS, TX, 75208","-96.856647662775,32.742941631395","102944927","L","48","113","005200","1043"
"452688","6300 SAMUEL BLVD, DALLAS, TX, 75228","Match","Non_Exact","6300 SAMUELL BLVD, DALLAS, TX, 75228","-96.697966815912,32.792174527765","103199857","R","48","113","012207","1006"
"452685","909 GROSS RD, MESQUITE, TX, 75149","Match","Exact","909 GROSS RD, MESQUITE, TX, 75149","-96.620084596962,32.777337211675","103168771","L","48","113","017704","2018"
"452686","3420 AVE K, PLANO, TX, 75074","Match","Non_Exact","3420 K AVE, PLANO, TX, 75074","-96.698907821971,33.039227850194","210489323","L","48","085","032013","4019"
"452684","7610 MILITARY PARKWAY, DALLAS, TX, 75227","Match","Exact","7610 MILITARY PKWY, DALLAS, TX, 75227","-96.688486200169,32.77045418443","619147335","R","48","113","008500","1002"
"052613","2551 E. Washington Blvd., Pasadena, CA, 91107","Match","Exact","2551 E WASHINGTON BLVD, PASADENA, CA, 91107","-118.097209260341,34.169202449889","141632244","L","06","037","461300","1000"
"052612","810 E. Manning Ave, REEDLEY, CA, 93654","Match","Exact","810 E MANNING AVE, REEDLEY, CA, 93654","-119.440800407304,36.604203791405","197594283","L","06","019","006605","1004"
"672700","10651 NORTH LOOP, SOCORRO, TX, 79927","Match","Non_Exact","10651 N LOOP DR, SOCORRO, TX, 79927","-106.270034373577,31.654841767513","189432993","R","48","141","010346","2038"
"052610","2710 TELEGRAPH AVENUE Suite #100, OAKLAND, CA, 94612","Match","Non_Exact","2710 TELEGRAPH, OAKLAND, CA, 94612","-122.267762082927,37.816333497815","633930521","R","06","001","401300","3005"
"672701","3400 CORINTH PARKWAY, CORINTH, TX, 76208","Match","Exact","3400 CORINTH PKWY, CORINTH, TX, 76208","-97.055875133428,33.153129832852","658392611","L","48","121","021412","1034"
"052617","12555 Garden Grove Blvd., Suite 100, Garden Grove, CA, 92843","No_Match"
"052615","3900-C Bel Aire Plaza #C, NAPA, CA, 94558","Match","Non_Exact","3900 BEL AIRE PLZ, NAPA, CA, 94558","-122.307071810718,38.323638788878","67426306","R","06","055","200601","3005"
"052614","3126 PROFESSIONAL DRIVE #100, AUBURN, CA, 95603","Match","Exact","3126 PROFESSIONAL DR, AUBURN, CA, 95603","-121.100749182798,38.940997924841","106780434","R","06","061","021501","4001"
"672706","860 NE LOOP 286, PARIS, TX, 75460","Tie"
"672707","618 E COURT ST, SEGUIN, TX, 78155","Match","Exact","618 E COURT ST, SEGUIN, TX, 78155","-97.959378648159,29.569018557444","54828111","L","48","187","210300","5035"
"672708","9846 WESTOVER HILLS BLVD, SAN ANTONIO, TX, 78251","Match","Exact","9846 WESTOVER HILLS BLVD, SAN ANTONIO, TX, 78251","-98.683791912543,29.465755747904","101752995","L","48","029","171924","1002"
"672709","64 S PRICE RD, BROWNSVILLE, TX, 78521","Match","Exact","64 S PRICE RD, BROWNSVILLE, TX, 78521","-97.486923138645,25.934421749303","657229654","R","48","061","013104","3006"
"672702","941 SOUTH WESTGATE WAY, WYLIE, TX, 75098","Match","Exact","941 S WESTGATE WAY, WYLIE, TX, 75098","-96.554240551837,33.003515274142","210493420","L","48","085","031319","3033"
"672703","200 MCPHERSON BLVD, FORT WORTH, TX, 76140","Match","Exact","200 MCPHERSON BLVD, FORT WORTH, TX, 76140","-97.321993973025,32.599344316481","643227916","L","48","439","111027","1015"
"672705","6450 BRENTWOOD STAIR RD, FORT WORTH, TX, 76112","Match","Exact","6450 BRENTWOOD STAIR RD, FORT WORTH, TX, 76112","-97.21877537777,32.756672129267","102111506","R","48","439","106502","2004"
"452638","4626 E SOUTHCROSS BLVD, SAN ANTONIO, TX, 78222","Match","Exact","4626 E SOUTHCROSS BLVD, SAN ANTONIO, TX, 78222","-98.401797392237,29.374432436233","637822782","R","48","029","141300","3001"
"452639","1520 W Frank Ave, LUFKIN, TX, 75904","Match","Exact","1520 W FRANK AVE, LUFKIN, TX, 75904","-94.747993187286,31.335617444776","636399625","L","48","005","000400","2049"
"452636","1615 E EXPY 83, MISSION, TX, 78572","Match","Exact","1615 E EXPY 83, MISSION, TX, 78572","-98.303161909195,26.198193145129","71499710","L","48","215","020408","3025"
"452635","4201 GULF FREEWAY, LA MARQUE, TX, 77568","Match","Exact","4201 GULF FWY, LA MARQUE, TX, 77568","-95.001652953273,29.372820429531","96726257","L","48","167","723200","2032"
"052618","4660 CENTRAL WAY, FAIRFIELD, CA, 94534","Match","Exact","4660 CENTRAL WAY, FAIRFIELD, CA, 94534","-122.132298797569,38.21908344906","192532907","L","06","095","252205","3000"
"452633","222 E SINTON BLVD, SINTON, TX, 78387","Match","Non_Exact","222 E SINTON ST, SINTON, TX, 78387","-97.508930116874,28.036618886047","36321200","L","48","409","011000","4002"
"452630","3825 COUNTY ROAD 69, Robstown, TX, 78380","Match","Exact","3825 CO RD 69, ROBSTOWN, TX, 78380","-97.652142231728,27.774242184387","178546638","R","48","355","005606","1056"
"452631","5131 MEDICAL DRIVE, SAN ANTONIO, TX, 78229","Match","Exact","5131 MEDICAL DR, SAN ANTONIO, TX, 78229","-98.58738167816,29.510687947007","101732813","L","48","029","181402","2003"
"052602","955 Blanco Circle, Ste. #C, Salinas, CA, 93901","Match","Non_Exact","955 BLANCO CIR, SALINAS, CA, 93901","-121.637768253418,36.654769530821","196843635","L","06","053","014500","3000"
"052601","244 PECKHAM COURT, LAKEPORT, CA, 95453","Match","Exact","244 PECKHAM CT, LAKEPORT, CA, 95453","-122.917451502364,39.025925295607","67058681","R","06","033","000402","1018"
"052600","393 BLOSSOM HILL ROAD SUITE 110, SAN JOSE, CA, 95123","Match","Exact","393 BLOSSOM HILL RD, SAN JOSE, CA, 95123","-121.827460206763,37.251435090349","122924690","R","06","085","512023","3002"
"672711","7112 STUEBNER AIRLINE DRIVE, HOUSTON, TX, 77091","Match","Non_Exact","7112 STUEBNER AIRLINE RD, HOUSTON, TX, 77091","-95.409514028663,29.864408936871","96053553","R","48","201","530701","1001"
"672712","2785 GULF FREEWAY S, LEAGUE CITY, TX, 77573","Match","Exact","2785 GULF FWY S, LEAGUE CITY, TX, 77573","-95.094494085908,29.469973528513","650398758","L","48","167","720604","1001"
"052606","1704 State Street, Santa Barbara, CA, 93101","Match","Exact","1704 STATE ST, SANTA BARBARA, CA, 93101","-119.710899176929,34.428146006654","108604723","R","06","083","000400","4006"
"052604","4005 MANZANITA AVENUE, CARMICHAEL, CA, 95608","Match","Exact","4005 MANZANITA AVE, CARMICHAEL, CA, 95608","-121.328064312954,38.637936798642","133342991","L","06","067","007602","1000"
"672717","3211 INTERSTATE 45 N, CONROE, TX, 77304","No_Match"
"672718","215 N San Saba St, SAN ANTONIO, TX, 78207","Match","Exact","215 N SAN SABA ST, SAN ANTONIO, TX, 78207","-98.500092669265,29.426751953607","639526419","L","48","029","110100","3025"
"672719","3518 KNICKERBOCKER RD, SAN ANGELO, TX, 76904","Match","Exact","3518 KNICKERBOCKER RD, SAN ANGELO, TX, 76904","-100.470574529381,31.419815386067","190680902","L","48","451","001304","3005"
"672713","6518 MEMORIAL DRIVE, TEXAS CITY, TX, 77591","Match","Exact","6518 MEMORIAL DR, TEXAS CITY, TX, 77591","-94.984610472753,29.39246749386","638010035","R","48","167","722700","1004"
"672715","6952 INDUSTRIAL PARKWAY, ROSENBERG, TX, 77471","Match","Exact","6952 INDUSTRIAL PKWY, ROSENBERG, TX, 77471","-95.759775145469,29.542630829779","78264405","R","48","157","675101","3023"
"672716","5910 SCOTT STREET, HOUSTON, TX, 77021","Match","Exact","5910 SCOTT ST, HOUSTON, TX, 77021","-95.358602580989,29.704611524645","657218538","R","48","201","313201","1016"
"552598","15330 Goldenwest Street, Westminster, CA, 92683","Match","Exact","15330 GOLDENWEST ST, WESTMINSTER, CA, 92683","-118.00687809541,33.739916299678","639053570","L","06","059","099601","4011"
"452629","726 S FORT HOOD ST, KILLEEN, TX, 76541","Match","Exact","726 S FORT HOOD ST, KILLEEN, TX, 76541","-97.745040812907,31.115365573948","146139188","L","48","027","022900","3003"
"552597","11147 Washington Blvd., Whittier, CA, 90606","Match","Exact","11147 WASHINGTON BLVD, WHITTIER, CA, 90606","-118.073069040433,33.972379124721","647511875","L","06","037","502200","3015"
"552596","1001 W. Sixth Street, Suite A, Ontario, CA, 91762","Tie"
"452626","1561 IH 35 North, NEW BRAUNFELS, TX, 78130","Match","Non_Exact","1561 I- 35 BUS, NEW BRAUNFELS, TX, 78130","-98.090662474274,29.712434867428","657005153","L","48","091","310501","1001"
"452623","731 CARNOUSTIE DRIVE #101, SAN ANTONIO, TX, 78258","Match","Exact","731 CARNOUSTIE DR, SAN ANTONIO, TX, 78258","-98.482993181939,29.617235569308","624320434","R","48","029","191818","2000"
"052609","18330 HWY 108, JAMESTOWN, CA, 95327","Match","Exact","18330 STATE RTE 108, JAMESTOWN, CA, 95327","-120.42226816075,37.956306285724","101373393","L","06","109","005102","2033"
"452624","1301 S WASHINGTON AVE, MARSHALL, TX, 75670","Match","Exact","1301 S WASHINGTON AVE, MARSHALL, TX, 75670","-94.367983003996,32.53318878971","141174788","L","48","203","020402","2000"
"052608","4308 WEST SHAW AVENUE, FRESNO, CA, 93722","Match","Exact","4308 W SHAW AVE, FRESNO, CA, 93722","-119.869743862642,36.808311493657","639778294","R","06","019","004212","1010"
"452622","207 TRADEWINDS BLVD, MIDLAND, TX, 79706","Match","Exact","207 TRADEWINDS BLVD, MIDLAND, TX, 79706","-102.153399359415,31.98117446556","139595183","R","48","329","010126","3059"
"452620","2213 South Brahma Blvd, KINGSVILLE, TX, 78363","Match","Exact","2213 S BRAHMA BLVD, KINGSVILLE, TX, 78363","-97.855951469938,27.496335783506","72095513","L","48","273","020401","2001"
"452660","533 N 25 MILE AVE STE A, HEREFORD, TX, 79045","Match","Non_Exact","533 N 25 MILE AVE, HEREFORD, TX, 79045","-102.405476018804,34.833953218264","164012114","L","48","117","950300","5000"
"552591","3450 INDUSTRIAL BOULEVARD SUITE 100, WEST SACRAMENTO, CA, 95691","Match","Exact","3450 INDUSTRIAL BLVD, WEST SACRAMENTO, CA, 95691","-121.560294283423,38.573625433047","67706355","R","06","113","010203","4014"
"552590","511 S. Harbor Blvd, Suite T, La Habra, CA, 90631","Match","Non_Exact","511 S HARBOR BLVD, LA HABRA, CA, 90631","-117.933113737897,33.927278610099","144116873","R","06","059","001404","3007"
"552595","23681 Via Linda, Suite E, MISSION VIEJO, CA, 92691","Match","Non_Exact","23681 VIA LINDA, MISSION VIEJO, CA, 92691","-117.674734706002,33.619403218229","609076386","R","06","059","032028","2013"
"552594","1116 W. Visalia Road, Suite 106, Exeter, CA, 93221","Match","Exact","1116 W VISALIA RD, EXETER, CA, 93221","-119.154402798793,36.297395558785","202764373","R","06","107","001501","3015"
"552593","43932 15th Street, Suite 103, Lancaster, CA, 93534","Match","Non_Exact","43932 15TH ST W, LANCASTER, CA, 93534","-118.156683612237,34.681441074777","141797684","R","06","037","900703","3003"
"552592","1523 EAST MARCH LANE SUITE 200, STOCKTON, CA, 95210","Match","Exact","1523 E MARCH LN, STOCKTON, CA, 95210","-121.28955882526,38.002402679713","600314916","L","06","077","003409","3000"
"552588","15736 Woodruff Avenue, Bellflower, CA, 90706","No_Match"
"552587","2629 Marconi Ave, Sacramento, CA, 95821","Match","Exact","2629 MARCONI AVE, SACRAMENTO, CA, 95821","-121.40094145848,38.618043315129","133331083","L","06","067","006101","3012"
"453509","2201 SOUTH W.S. YOUNG DRIVE, KILLEEN, TX, 76543","Match","Exact","2201 S W S YOUNG DR, KILLEEN, TX, 76543","-97.721092845396,31.094726665089","146164402","L","48","027","022501","4003"
"552585","3112 W. Beverly Blvd., Montebello, CA, 90640","Match","Exact","3112 W BEVERLY BLVD, MONTEBELLO, CA, 90640","-118.136542003122,34.023682546819","241173363","L","06","037","530202","3002"
"452658","1405 VICTORIA STATION DRIVE, VICTORIA, TX, 77901","Match","Exact","1405 VICTORIA STATION DR, VICTORIA, TX, 77901","-96.99230682157,28.834368206488","44558497","R","48","469","000502","1002"
"552589","1505 Wilson Terrace, Suite 190, Glendale, CA, 91206","Match","Exact","1505 WILSON TER, GLENDALE, CA, 91206","-118.229409616428,34.148996970813","141611302","L","06","037","301000","3014"
"452656","501 COLLEGE AVENUE, FORT WORTH, TX, 76104","Match","Exact","501 COLLEGE AVE, FORT WORTH, TX, 76104","-97.334661355019,32.73973645749","101885638","L","48","439","123700","2016"
"453503","2120 NORTH MAYS ST, ROUND ROCK, TX, 78664","Match","Exact","2120 N MAYS ST, ROUND ROCK, TX, 78664","-97.689162313707,30.530722255499","636385303","L","48","491","021503","1001"
"453504","1407 FAIR AVENUE, SAN ANTONIO, TX, 78223","Match","Exact","1407 FAIR AVE, SAN ANTONIO, TX, 78223","-98.456389367622,29.384174306095","101720116","L","48","029","140700","2008"
"452654","411 LINDBERG AVENUE, MCALLEN, TX, 78501","Match","Exact","411 LINDBERG AVE, MCALLEN, TX, 78501","-98.225497957839,26.191659218723","607623371","L","48","215","021201","4013"
"453501","3701 SCOTT & WHITE DRIVE, KILLEEN, TX, 76543","Match","Exact","3701 SCOTT AND WHITE DR, KILLEEN, TX, 76543","-97.701832082705,31.085382394785","146177290","L","48","027","022401","3010"
"452655","1600 CENTRAL DRIVE, BEDFORD, TX, 76022","Match","Exact","1600 CENTRAL DR, BEDFORD, TX, 76022","-97.133388791344,32.835811522657","102104867","R","48","439","113512","4012"
"453502","2601 THORTON LANE, TEMPLE, TX, 76508","Match","Non_Exact","2601 THORNTON LN, TEMPLE, TX, 76502","-97.38068096512,31.076632366268","648899690","L","48","027","021302","3001"
"453500","701 S ZARZMORA, SAN ANTONIO, TX, 78207","Match","Non_Exact","701 S ZARZAMORA ST, SAN ANTONIO, TX, 78207","-98.527829729379,29.421702486887","101516874","R","48","029","170300","6007"
"452651","1310 MURCHISON DRIVE, EL PASO, TX, 79902","Match","Exact","1310 MURCHISON DR, EL PASO, TX, 79902","-106.486803048234,31.778681321595","189408788","R","48","141","002201","1016"
"552584","1422 W. 11th Street, Los Angeles, CA, 90015","Match","Exact","1422 W 11TH ST, LOS ANGELES, CA, 90015","-118.272451179742,34.046450323392","141607298","L","06","037","210010","3004"
"552583","3100 Del Mar Avenue, Rosemead, CA, 91770","Match","Exact","3100 DEL MAR AVE, ROSEMEAD, CA, 91770","-118.099431791339,34.064546229551","241241024","R","06","037","482304","2001"
"552582","2000 SOUTH EL CAMINO REAL 2ND FLOOR, SAN MATEO, CA, 94403","Match","Exact","2000 S EL CAMINO REAL, SAN MATEO, CA, 94403","-122.309857395129,37.548217191144","192379691","R","06","081","607400","1007"
"552581","1768 MITCHELL ROAD SUITE 308, CERES, CA, 95307","Match","Exact","1768 MITCHELL RD, CERES, CA, 95307","-120.938650064586,37.604600808629","102592299","L","06","099","002605","1000"
"552577","1801 EAST MARCH LANE SUITE A100, STOCKTON, CA, 95210","Match","Exact","1801 E MARCH LN, STOCKTON, CA, 95210","-121.288063861966,38.002779046066","600314917","L","06","077","003409","3000"
"552576","777 SOUTH HAM DRIVE SUITE L, LODI, CA, 95242","Match","Non_Exact","777 S HAM LN, LODI, CA, 95242","-121.288371595104,38.125329360831","133913148","R","06","077","004309","1013"
"552575","2705 Loma Vista Road, Suite 101, Ventura, CA, 93003","Match","Exact","2705 LOMA VISTA RD, VENTURA, CA, 93003","-119.259571523963,34.275116262487","109951814","L","06","111","001901","1027"
"552574","5830 E. Whittier Blvd., East Los Angeles, CA, 90022","Match","Non_Exact","5830 WHITTIER BLVD, EAST LOS ANGELES, CA, 90022","-118.144879696532,34.017727061805","141638414","R","06","037","531901","1001"
"452647","777 SHELDON ROAD, CHANNELVIEW, TX, 77530","Match","Exact","777 SHELDON RD, CHANNELVIEW, TX, 77530","-95.124712785555,29.786874838617","96101252","L","48","201","252400","1014"
"552579","1075 E. Pacific Coast Highway, Long Beach, CA, 90806","Match","Exact","1075 E PACIFIC COAST HWY, LONG BEACH, CA, 90806","-118.178952378528,33.789907298947","657219903","L","06","037","573300","2008"
"452648","1600 WATERS RIDGE DRIVE, LEWISVILLE, TX, 75057","Match","Exact","1600 WATERS RIDGE DR, LEWISVILLE, TX, 75057","-96.974854561541,33.023328535557","103425034","R","48","121","021619","1026"
"552578","1722 Orange Tree Lane, Redlands, CA, 92374","Match","Exact","1722 ORANGE TREE LN, REDLANDS, CA, 92374","-117.213106855098,34.067891216381","145227523","L","06","071","007800","1032"
"452645","709 S COMMERCIAL, ARANSAS PASS, TX, 78336","Match","Non_Exact","709 S COMMERCIAL ST, ARANSAS PASS, TX, 78336","-97.148544745074,27.898880659813","36326814","L","48","409","010201","2049"
"452646","22118 MARKET PLACE DR STE 100, New Caney, TX, 77357","No_Match"
"452644","160 JACK BURTON RD, CLEBURNE, TX, 76031","No_Match"
"452641","2815 HIGHWAY 36 SOUTH, BRENHAM, TX, 77833","Match","Non_Exact","2815 STATE HWY 36, BRENHAM, TX, 77833","-96.395656038949,30.138678642577","658213376","R","48","477","170300","2040"
"452642","10985 NORTHWEST FREEWAY, HOUSTON, TX, 77092","Match","Exact","10985 NORTHWEST FWY, HOUSTON, TX, 77092","-95.466793287785,29.817092382544","96225198","R","48","201","520501","1020"
"452640","10767 GATEWAY WEST, EL PASO, TX, 79935","Match","Non_Exact","10767 GATEWAY BLVD W, EL PASO, TX, 79935","-106.339869609184,31.749697884424","189405849","L","48","141","004312","4003"
"672742","137 PALO ALTO ROAD, SAN ANTONIO, TX, 78211","Match","Exact","137 PALO ALTO RD, SAN ANTONIO, TX, 78211","-98.552395470394,29.352789319039","101520173","R","48","029","161100","6000"
"672743","4420 HERITAGE TRACE PKWY, FORT WORTH, TX, 76244","Match","Exact","4420 HERITAGE TRACE PKWY, FORT WORTH, TX, 76244","-97.291376062628,32.914792310853","641731977","L","48","439","113936","1000"
"672744","540 I-45 SOUTH, HUNTSVILLE, TX, 77340","No_Match"
"672745","17191 ST LUKES WAY, THE WOODLANDS, TX, 77384","Match","Exact","17191 ST LUKES WAY, THE WOODLANDS, TX, 77384","-95.460652097746,30.205121253029","632889982","R","48","339","690701","2009"
"672740","1621 NORTH CENTRAL EXPRESSWAY, RICHARDSON, TX, 75080","Match","Exact","1621 N CENTRAL EXPY, RICHARDSON, TX, 75080","-96.720435454328,32.969468795344","103211607","L","48","113","019211","5010"
"672741","10708 VICTORIA ASH DR, FORT WORTH, TX, 76244","Match","Exact","10708 VICTORIA ASH DR, FORT WORTH, TX, 76244","-97.286602872206,32.930018322053","619870984","R","48","439","113935","1000"
"672746","607 E 7TH STREET, ODESSA, TX, 79761","Match","Exact","607 E 7TH ST, ODESSA, TX, 79761","-102.36532287192,31.853073057618","639478351","L","48","135","001500","3063"
"672748","2300 W FM 544, WYLIE, TX, 75098","No_Match"
"672749","1170 BLALOCK ROAD, HOUSTON, TX, 77055","Match","Exact","1170 BLALOCK RD, HOUSTON, TX, 77055","-95.521710038032,29.78808627293","657223736","R","48","201","521000","2013"
"672753","10740 N CENTRAL EXPRESSWAY, DALLAS, TX, 75231","Match","Exact","10740 N CENTRAL EXPY, DALLAS, TX, 75231","-96.768663372336,32.893856995433","638425281","R","48","113","007823","1009"
"672754","3290 GULF FREEWAY S, DICKINSON, TX, 77539","Match","Exact","3290 GULF FWY S, DICKINSON, TX, 77539","-95.088871472267,29.464481488003","640874362","L","48","167","720800","4010"
"672755","205 N ALABAMA ROAD, WHARTON, TX, 77488","Match","Exact","205 N ALABAMA RD, WHARTON, TX, 77488","-96.089705786728,29.308915892126","42488130","L","48","481","740400","6049"
"672756","14512 LEE ROAD, HUMBLE, TX, 77396","Match","Exact","14512 LEE RD, HUMBLE, TX, 77396","-95.302980362216,29.93035456492","96046675","R","48","201","223100","1001"
"672751","3571 W WHEATLAND ROAD, DALLAS, TX, 75237","Match","Exact","3571 W WHEATLAND RD, DALLAS, TX, 75237","-96.878637094871,32.647646593457","647925423","R","48","113","016635","3009"
"672752","1333 OLD SPANISH TRAIL, HOUSTON, TX, 77054","Match","Exact","1333 OLD SPANISH TRL, HOUSTON, TX, 77054","-95.412554905144,29.693010207687","96609846","L","48","201","314402","1002"
"672757","2651 E BROAD STREET, MANSFIELD, TX, 76063","Match","Non_Exact","2651 BROAD ST, MANSFIELD, TX, 76063","-97.096604159009,32.56900705215","102147664","L","48","439","111319","2006"
"672758","20333 SOUTHWEST FREEWAY, SUGAR LAND, TX, 77479","No_Match"
"672721","9716 JENSEN DRIVE, HOUSTON, TX, 77093","Match","Exact","9716 JENSEN DR, HOUSTON, TX, 77093","-95.341006106389,29.851574627867","96228296","R","48","201","220900","1029"
"672722","349 SOUTH DANVILLE DRIVE, ABILENE, TX, 79605","Match","Exact","349 S DANVILLE DR, ABILENE, TX, 79605","-99.786210299601,32.44721708776","129965848","L","48","441","011400","4008"
"672723","1000 ST. LOUIS AVE STE 101, FORT WORTH, TX, 76104","Match","Exact","1000 ST LOUIS AVE, FORT WORTH, TX, 76104","-97.328158558631,32.734525966331","101889799","R","48","439","123600","2072"
"672728","201 SOUTH JUPITER ROAD, ALLEN, TX, 75002","Match","Exact","201 S JUPITER RD, ALLEN, TX, 75002","-96.659194536037,33.098961892403","652124580","R","48","085","031512","1003"
"672724","1900 SCENIC DRIVE, GEORGETOWN, TX, 78626","Match","Exact","1900 SCENIC DR, GEORGETOWN, TX, 78626","-97.687815827527,30.628576689909","126500070","R","48","491","021402","4002"
"672725","642 LINCOLN SQUARE, ARLINGTON, TX, 76011","Match","Exact","642 LINCOLN SQ, ARLINGTON, TX, 76011","-97.099002299389,32.755965099985","102160061","L","48","439","121704","1013"
"672726","12001 ELAM ROAD, BALCH SPRINGS, TX, 75180","Match","Exact","12001 ELAM RD, BALCH SPRINGS, TX, 75180","-96.619080260688,32.719499409528","102962497","L","48","113","017201","1001"
"672727","13003 DELANY ST, LA MARQUE, TX, 77568","No_Match"
"452618","1138 S BOWEN ROAD, ARLINGTON, TX, 76013","Match","Exact","1138 S BOWEN RD, ARLINGTON, TX, 76013","-97.149181225528,32.723782423416","655888221","R","48","439","111505","2012"
"452619","1647 South Alameda, CORPUS CHRISTI, TX, 78404","Match","Non_Exact","1647 S ALAMEDA ST, CORPUS CHRISTI, TX, 78404","-97.40192597558,27.774482443461","178517166","R","48","355","001202","2032"
"452616","411 NORTH GENERAL MCMULLEN, SAN ANTONIO, TX, 78237","Match","Non_Exact","411 N GENERAL MCMULLEN DR, SAN ANTONIO, TX, 78237","-98.553282190629,29.437340978714","647480926","L","48","029","171200","1000"
"452615","803 CASTROVILLE, SAN ANTONIO, TX, 78237","Match","Non_Exact","803 CASTROVILLE RD, SAN ANTONIO, TX, 78237","-98.552588803051,29.416967720542","635440724","R","48","029","170900","1017"
"452610","1803 N DEVELOPMENT BLVD, BELLMEAD, TX, 76705","No_Match"
"452611","2260  SOUTH SYCAMORE STREET, PALESTINE, TX, 75801","No_Match"
"672731","3812 E BELKNAP ST, FORT WORTH, TX, 76111","Match","Exact","3812 E BELKNAP ST, FORT WORTH, TX, 76111","-97.292512702088,32.779581183297","102139465","R","48","439","101202","2006"
"672732","6190 LYNDON B JOHNSON FWY, DALLAS, TX, 75240","Match","Exact","6190 LYNDON B JOHNSON FWY, DALLAS, TX, 75240","-96.799431233596,32.924343982309","638367602","R","48","113","013201","1002"
"672733","21026 W. BELLFORT ST, RICHMOND, TX, 77406","Match","Non_Exact","21026 W BELLFORT AVE, RICHMOND, TX, 77406","-95.747887764267,29.664548429579","642100881","L","48","157","673404","4026"
"672734","2222 GREENHOUSE RD, HOUSTON, TX, 77084","Match","Exact","2222 GREENHOUSE RD, HOUSTON, TX, 77084","-95.705885686828,29.791770744524","656045755","R","48","201","541802","2000"
"672730","5923 WESTHEIMER RD, HOUSTON, TX, 77057","Match","Exact","5923 WESTHEIMER RD, HOUSTON, TX, 77057","-95.485863790278,29.737662348354","657279712","L","48","201","432003","2000"
"672739","4400 NORTH FREEWAY, HOUSTON, TX, 77022","Match","Exact","4400 NORTH FWY, HOUSTON, TX, 77022","-95.380664535168,29.828781217601","96639972","R","48","201","220500","1000"
"672735","10001 SOUTH IH 35, AUSTIN, TX, 78747","Match","Non_Exact","10001 S I- 35, AUSTIN, TX, 78744","-97.788258269354,30.16172807938","642470505","L","48","453","002451","2012"
"672737","4108 W 15TH STREET, PLANO, TX, 75093","Match","Exact","4108 W 15TH ST, PLANO, TX, 75093","-96.772021454821,33.017076935642","123484703","R","48","085","031621","6002"
"672738","5729 BRYANT IRVIN RD, FORT WORTH, TX, 76132","Match","Exact","5729 BRYANT IRVIN RD, FORT WORTH, TX, 76132","-97.41999700421,32.665959001179","657539595","R","48","439","105513","1000"
"452609","1550 LIVE OAK, WEBSTER, TX, 77598","Match","Non_Exact","1550 LIVE OAK ST, WEBSTER, TX, 77598","-95.130279554706,29.545360582226","632563515","R","48","201","341101","1003"
"452605","1620 SOMERSET RD, SAN ANTONIO, TX, 78211","Match","Exact","1620 SOMERSET RD, SAN ANTONIO, TX, 78211","-98.54772572332,29.358922262191","101520163","L","48","029","151100","7019"
"452604","501 BIRDWELL LANE, BIG SPRING, TX, 79720","Match","Exact","501 BIRDWELL LN, BIG SPRING, TX, 79720","-101.453638014726,32.25787110182","182872929","R","48","227","950600","3035"
"452602","621 RADAM LN, AUSTIN, TX, 78745","Match","Exact","621 RADAM LN, AUSTIN, TX, 78745","-97.771265730334,30.224382171064","63944296","L","48","453","002003","1004"
"032607","10750 W MCDOWELL RD STE E500, AVONDALE, AZ, 85323","Match","Non_Exact","10750 W MCDOWELL RD, AVONDALE, AZ, 85392","-112.291076123411,33.464509896644","128951161","R","04","013","082023","2013"
"032608","13055 W MCDOWELL RD STE F101, AVONDALE, AZ, 85392","Match","Exact","13055 W MCDOWELL RD, AVONDALE, AZ, 85392","-112.338241473534,33.46420120896","243922425","L","04","013","061200","4005"
"032605","5222 E BASELINE RD STE 104, GILBERT, AZ, 85234","Match","Exact","5222 E BASELINE RD, GILBERT, AZ, 85234","-111.720229826667,33.379327947204","648961570","L","04","013","422636","3003"
"052699","1007 W. Avenue M-14, Suite B, Palmdale, CA, 93551","Match","Non_Exact","1007 W AVE M-14, PALMDALE, CA, 93551","-118.148002225414,34.633098636099","141843256","R","06","037","910218","1004"
"032604","20325 N 51ST AVE STE 186 BLDG 11, GLENDALE, AZ, 85308","Match","Exact","20325 N 51ST AVE, GLENDALE, AZ, 85308","-112.169454326072,33.671425702135","642859075","L","04","013","614300","1011"
"032601","14664 N DEL WEBB BLVD, SUN CITY, AZ, 85351","Match","Exact","14664 N DEL WEBB BLVD, SUN CITY, AZ, 85351","-112.291228781233,33.618443811276","128163549","L","04","013","071505","3012"
"052691","3311 COACH LN STE C, CAMERON PARK, CA, 95682","Match","Non_Exact","3311 COACH LN, CAMERON PARK, CA, 95682","-120.972154289838,38.658201086927","133024507","R","06","017","030804","1014"
"052690","110 S. Fifth Street, El Centro, CA, 92243","Match","Exact","110 S 5TH ST, EL CENTRO, CA, 92243","-115.554781915063,32.79268219641","194494103","L","06","025","011600","2001"
"052696","5429 W. Cypress Avenue, Visalia, CA, 93277","Match","Exact","5429 W CYPRESS AVE, VISALIA, CA, 93277","-119.352241007324,36.325126063492","607600582","L","06","107","002009","1000"
"052695","3901 S. Western Avenue, Los Angeles, CA, 90062","Match","Exact","3901 S WESTERN AVE, LOS ANGELES, CA, 90062","-118.308973248332,34.014565808359","141606528","R","06","037","231400","1010"
"052694","14651 SOUTH BASCOM SUITE 100, LOS GATOS, CA, 95032","Match","Non_Exact","14651 S BASCOM AVE, LOS GATOS, CA, 95032","-121.950493175185,37.255673543692","618202136","R","06","085","502703","2005"
"552522","490 CHADBOURNE ROAD STE D, FAIRFIELD, CA, 94534","Match","Non_Exact","490 CHADBOURNE RD, FAIRFIELD, CA, 94534","-122.083759760991,38.235604597609","192596989","R","06","095","252402","2027"
"552521","7701 White Lane, Suite D, Bakersfield, CA, 93309","Match","Non_Exact","7701 WHITE LN, BAKERSFIELD, CA, 93309","-119.08810175293,35.318175884165","109139768","L","06","029","003131","2002"
"552520","6090 W. Ramsey Street, Banning, CA, 92220","Match","Exact","6090 W RAMSEY ST, BANNING, CA, 92220","-116.943476395561,33.929252119105","194719735","L","06","065","044103","3009"
"552526","1400 S. Grand Avenue, Suite 105, Los Angeles, CA, 90015","Match","Exact","1400 S GRAND AVE, LOS ANGELES, CA, 90015","-118.265353875825,34.037117388195","640413648","L","06","037","224010","1007"
"552525","451 S. Brand Blvd., Suite 100, San Fernando, CA, 91340","Match","Exact","451 S BRAND BLVD, SAN FERNANDO, CA, 91340","-118.442182985029,34.280061586597","141547787","R","06","037","320300","2040"
"552524","1315 TENTH STREET #100, MODESTO, CA, 95354","Match","Exact","1315 10TH ST, MODESTO, CA, 95354","-121.003944070869,37.643503720786","102604324","L","06","099","001800","2019"
"552523","5608 NORTH PERSHING AVE, STOCKTON, CA, 95207","Match","Exact","5608 N PERSHING AVE, STOCKTON, CA, 95207","-121.325377713533,37.998286538671","133844760","R","06","077","003110","2002"
"552529","9281 OFFICE PARK CIRCLE #105, ELK GROVE, CA, 95758","Match","Exact","9281 OFFICE PARK CIR, ELK GROVE, CA, 95758","-121.39550917327,38.418751611163","133379143","L","06","067","009611","1001"
"552527","12761 Harbor Blvd., Suite I-3, Garden Grove, CA, 92840","Match","Exact","12761 HARBOR BLVD, GARDEN GROVE, CA, 92840","-117.915410304189,33.776948325654","653858950","R","06","059","088502","3000"
"032609","2149 E WARNER RD STE 109 & STE 110, TEMPE, AZ, 85284","Match","Exact","2149 E WARNER RD, TEMPE, AZ, 85284","-111.893533004519,33.334847577428","128965598","L","04","013","810100","4002"
"032618","2945 W INA RD STE 105, TUCSON, AZ, 85741","Match","Exact","2945 W INA RD, TUCSON, AZ, 85741","-111.030586785544,32.337336883661","648118987","L","04","019","004627","2000"
"032619","10238 E HAMPTON AVE STE 108, MESA, AZ, 85209","Match","Exact","10238 E HAMPTON AVE, MESA, AZ, 85209","-111.609847264217,33.389833991062","639275165","L","04","013","422615","4002"
"052689","404 NORTH WIGET LANE, WALNUT CREEK, CA, 94598","Match","Exact","404 N WIGET LN, WALNUT CREEK, CA, 94598","-122.02858230193,37.929601589066","192056862","R","06","013","338201","2011"
"032616","1700 W COMMERCE POINTE PL, SAHUARITA, AZ, 85629","No_Match"
"032617","100 W GRANT RD, TUCSON, AZ, 85705","Match","Exact","100 W GRANT RD, TUCSON, AZ, 85705","-110.973522393398,32.250358743582","121169854","R","04","019","001304","4006"
"052687","20710 S. Leapwood Avenue, Suite F, Carson, CA, 90746","Match","Non_Exact","20710 LEAPWOOD AVE, CARSON, CA, 90746","-118.258458514182,33.842864385228","241244233","L","06","037","980025","1009"
"032614","99 E 16TH ST, DOUGLAS, AZ, 85607","Match","Non_Exact","99 16TH ST, DOUGLAS, AZ, 85607","-109.560687452977,31.350601996835","642847548","L","04","003","000600","1192"
"032612","8410 W THOMAS RD STE 100 BLDG 1, PHOENIX, AZ, 85037","Match","Exact","8410 W THOMAS RD, PHOENIX, AZ, 85037","-112.237888018668,33.479867291379","128346680","R","04","013","082010","2016"
"032613","6261 N LA CHOLLA BLVD STE 181, TUCSON, AZ, 85741","Match","Exact","6261 N LA CHOLLA BLVD, TUCSON, AZ, 85741","-111.012226542055,32.320523186438","121194719","L","04","019","004610","3000"
"032610","22715 S ELLSWORTH RD STE D, QUEEN CREEK, AZ, 85142","Match","Non_Exact","22715 S ELLSWORTH RD, QUEEN CREEK, AZ, 85142","-111.634415263567,33.24305852184","657476335","R","04","013","817102","2000"
"052682","17590 Foothill Blvd., Fontana, CA, 92335","Match","Exact","17590 FOOTHILL BLVD, FONTANA, CA, 92335","-117.420982676936,34.106737635208","635644014","L","06","071","002902","2001"
"032611","337 E CORONADO RD STE 101, PHOENIX, AZ, 85004","Match","Exact","337 E CORONADO RD, PHOENIX, AZ, 85004","-112.067915235805,33.46748007361","128213058","R","04","013","111800","4012"
"052686","5995 Severin Drive, La Mesa, CA, 91942","Match","Exact","5995 SEVERIN DR, LA MESA, CA, 91942","-116.999239705654,32.787478512209","195326699","R","06","073","015100","3003"
"052685","21615 HESPERIAN BOULEVARD SUITE F, HAYWARD, CA, 94541","No_Match"
"052684","809 S. Atlantic Blvd., Suite 103, Monterey Park, CA, 91754","Match","Exact","809 S ATLANTIC BLVD, MONTEREY PARK, CA, 91754","-118.13739282686,34.052136167274","142737372","R","06","037","482101","3016"
"052683","5714 East Olympic Blvd., Los Angeles, CA, 90022","Match","Exact","5714 E OLYMPIC BLVD, LOS ANGELES, CA, 90022","-118.147582705715,34.013937489402","241240970","R","06","037","532303","3006"
"552510","141 PARKER STREET, VACAVILLE, CA, 95688","Match","Exact","141 PARKER ST, VACAVILLE, CA, 95688","-121.989835585551,38.358415857606","192534467","L","06","095","253203","3002"
"552515","9850 Carmel Mountain Road, San Diego, CA, 92129","Match","Exact","9850 CARMEL MOUNTAIN RD, SAN DIEGO, CA, 92129","-117.115444201344,32.95959681379","195318502","L","06","073","017033","1008"
"552514","39510 PASEO PADRE PKWY, SUITE 100, FREMONT, CA, 94538","Match","Exact","39510 PASEO PADRE PKWY, FREMONT, CA, 94538","-121.974740006417,37.550461771409","606844390","L","06","001","441929","2002"
"552513","6035 University Avenue, San Diego, CA, 92115","Match","Exact","6035 UNIVERSITY AVE, SAN DIEGO, CA, 92115","-117.065985434623,32.752316702096","195351144","R","06","073","002703","1000"
"552512","4510 OHARA AVENUE SUITE B, BRENTWOOD, CA, 94513","Match","Non_Exact","4510 OHARA AVE, BRENTWOOD, CA, 94513","-121.700718495027,37.938891454646","636124069","R","06","013","303105","1025"
"552519","10294 ROCKINGHAM DRIVE, SACRAMENTO, CA, 95827","Match","Exact","10294 ROCKINGHAM DR, SACRAMENTO, CA, 95827","-121.307105073489,38.57393916422","133410283","R","06","067","009007","2013"
"552518","1590 Scenic Avenue, Costa Mesa, CA, 92626","Match","Exact","1590 SCENIC AVE, COSTA MESA, CA, 92626","-117.925377719293,33.699401270981","144039534","R","06","059","063910","1029"
"552517","1111 S. Arroyo Parkway, Suite 150, Pasadena, CA, 91105","Match","Exact","1111 S ARROYO PKWY, PASADENA, CA, 91105","-118.147339645443,34.128624933082","141629727","R","06","037","464000","5016"
"552516","11031 Via Frontera, Suite C, San Diego, CA, 92127","Match","Non_Exact","11031 VIA FRONTERA, SAN DIEGO, CA, 92127","-117.092938817577,33.012314291421","195315907","R","06","073","017071","1003"
"053526","7783 SOUTH FREEDOM ROAD, FRENCH CAMP, CA, 95231","Match","Non_Exact","7783 FREEDOM RD, FRENCH CAMP, CA, 95231","-121.281890050723,37.882568937111","600064010","R","06","077","003803","2019"
"052678","720 Gateway Center Drive, Suite B, San Diego, CA, 92102","Match","Non_Exact","720 GATEWAY CENTER DR, SAN DIEGO, CA, 92102","-117.114230389029,32.713532711781","195652741","L","06","073","003403","1001"
"053525","215 NORTH FRESNO STREET, FRESNO, CA, 93701","Match","Exact","215 N FRESNO ST, FRESNO, CA, 93701","-119.781604387338,36.745251704609","197580243","L","06","019","000502","2009"
"052677","3636 NORTH FIRST #144, FRESNO, CA, 93726","Match","Non_Exact","3636 N 1ST ST, FRESNO, CA, 93726","-119.772401755798,36.783648667509","197575709","R","06","019","005203","1003"
"052676","1771 STOCKTON BLVD, SACRAMENTO, CA, 95816","No_Match"
"053523","1675 SCOTT STREET, SAN FRANCISCO, CA, 94115","Match","Exact","1675 SCOTT ST, SAN FRANCISCO, CA, 94115","-122.438240280351,37.78526381828","192279720","L","06","075","015500","2000"
"053528","1721 TECHNOLOGY DRIVE DEPT #245, SAN JOSE, CA, 95110","Match","Exact","1721 TECHNOLOGY DR, SAN JOSE, CA, 95110","-121.916510590616,37.364682540457","638070307","L","06","085","505100","3002"
"052671","3111 Long Beach Blvd., Long Beach, CA, 90807","Match","Non_Exact","3111 N LONG BEACH BLVD, LONG BEACH, CA, 90807","-118.189358750107,33.813700340475","141686671","L","06","037","572201","1003"
"052670","2738 W. Imperial Highway, Inglewood, CA, 90303","Match","Exact","2738 W IMPERIAL HWY, INGLEWOOD, CA, 90303","-118.323510282949,33.930849289191","142753758","L","06","037","604200","1000"
"052675","13939 E 14TH STREET STE 110, SAN LEANDRO, CA, 94578","Match","Exact","13939 E 14TH ST, SAN LEANDRO, CA, 94578","-122.141012434387,37.713880943719","606113023","R","06","001","433104","1004"
"052674","405 Dover Parkway, Delano, CA, 93215","Match","Non_Exact","405 S DOVER PKWY, DELANO, CA, 93215","-119.249650470577,35.75400290406","646946167","R","06","029","004802","2013"
"552504","312 South Fairmont Avenue Suite A, LODI, CA, 95240","Match","Non_Exact","312 S FAIRMONT AVE, LODI, CA, 95240","-121.285780596353,38.129802468126","133903228","L","06","077","004302","2003"
"552502","535 E. First Street, Tustin, CA, 92780","Match","Exact","535 E 1ST ST, TUSTIN, CA, 92780","-117.814388164519,33.745324300504","657948603","L","06","059","075506","3000"
"552501","3932 Downing Avenue, Baldwin Park, CA, 91706","Match","Exact","3932 DOWNING AVE, BALDWIN PARK, CA, 91706","-117.956915689168,34.086407304969","241245449","R","06","037","405201","3008"
"552508","19836 Ventura Blvd., Suite C, Woodland Hills, CA, 91364","Match","Non_Exact","19836 VENTURA BLVD, WOODLAND HILLS, CA, 91364","-118.564920107842,34.172297162486","141554030","L","06","037","137501","1004"
"552507","4955 Van Nuys Blvd., Suite 111, Sherman Oaks, CA, 91403","Match","Exact","4955 VAN NUYS BLVD, SHERMAN OAKS, CA, 91403","-118.448766801364,34.160408688164","142050049","L","06","037","128910","2009"
"552506","12711 Ramona Blvd., Suite 111, Irwindale, CA, 91706","No_Match"
"552505","770 West Pinedale Ave, FRESNO, CA, 93711","Match","Exact","770 W PINEDALE AVE, FRESNO, CA, 93711","-119.81153629088,36.843459459867","197567130","L","06","019","004409","1013"
"552509","10055 Whittwood Drive, Whittier, CA, 90603","Match","Exact","10055 WHITTWOOD DR, WHITTIER, CA, 90603","-117.999271037906,33.94493945438","142652434","R","06","037","503402","1001"
"052668","3801 Las Posas Road, Suite 103, Camarillo, CA, 93010","Match","Exact","3801 LAS POSAS RD, CAMARILLO, CA, 93010","-119.019685024477,34.24130688863","110122689","L","06","111","005202","2018"
"052666","545 E. Tulare Avenue, Tulare, CA, 93274","Match","Non_Exact","545 E TULARE ST, TULARE, CA, 93274","-119.341248062615,36.208661082558","607548496","R","06","107","002901","2002"
"052665","1260 15th Street, Suite 102, Santa Monica, CA, 90404","Match","Exact","1260 15TH ST, SANTA MONICA, CA, 90404","-118.486999594508,34.026669422704","241239306","R","06","037","701502","2001"
"052663","6406 TUPELO DRIVE STE-A, CITRUS HEIGHTS, CA, 95621","Match","Non_Exact","6406 TUPELO DR, CITRUS HEIGHTS, CA, 95621","-121.315299166091,38.704765042427","133427849","L","06","067","008129","2001"
"052661","2057 Compton Avenue, #101, Corona, CA, 92881","Match","Exact","2057 COMPTON AVE, CORONA, CA, 92881","-117.53612804245,33.849475340298","194877202","L","06","065","041909","2004"
"052657","41-501 Corporate Way, Palm Desert, CA, 92260","No_Match"
"052656","4567 Telephone Road, Suite 101, Ventura, CA, 93003","Match","Non_Exact","4567 W TELEPHONE RD, VENTURA, CA, 93003","-119.234986558443,34.256195342071","109952843","R","06","111","002800","1018"
"052654","150 E. Arrow Highway, Pomona, CA, 91767","Match","Exact","150 E ARROW HWY, POMONA, CA, 91767","-117.74847894555,34.089934605076","141733353","R","06","037","402102","1006"
"053501","1825 4th Street, Room M5209, SAN FRANCISCO, CA, 94143","No_Match"
"053506","5040 W. Tulare Avenue, Visalia, CA, 93277","Match","Exact","5040 W TULARE AVE, VISALIA, CA, 93277","-119.347227339582,36.320082045593","202792316","R","06","107","002008","2003"
"052658","81715 Doctor Carreon Blvd., Suite B-2, Indio, CA, 92201","Match","Exact","81715 DOCTOR CARREON BLVD, INDIO, CA, 92201","-116.239049847328,33.707368965907","195048342","R","06","065","045207","2008"
"052653","2252 Verus Street, Suite D, San Diego, CA, 92154","Match","Non_Exact","2252 VERUS ST, SAN DIEGO, CA, 92154","-117.087248588155,32.594259183041","195357499","L","06","073","013205","1008"
"552573","312 N. Azusa Avenue, Azusa, CA, 91702","Match","Exact","312 N AZUSA AVE, AZUSA, CA, 91702","-117.907506356673,34.126484496152","141709094","R","06","037","404301","1010"
"052652","15625 Lakewood Blvd., Paramount, CA, 90723","Match","Exact","15625 LAKEWOOD BLVD, PARAMOUNT, CA, 90723","-118.142831897675,33.891855366728","241144791","R","06","037","553901","1006"
"552572","125 CORPORATE PLACE SUITE C, VALLEJO, CA, 94590","Match","Non_Exact","125 CORPORATE PL, VALLEJO, CA, 94590","-122.248966286114,38.095149755945","192527670","R","06","095","250701","1022"
"552571","14260 Schleisman Rd, Eastvale, CA, 92880","Match","Exact","14260 SCHLEISMAN RD, EASTVALE, CA, 92880","-117.593962097188,33.960740870046","629796990","L","06","065","040609","2000"
"552566","512  CYPRESS STREET, FORT BRAGG, CA, 95437","Match","Exact","512 CYPRESS ST, FORT BRAGG, CA, 95437","-123.798510978458,39.432527361987","67257330","L","06","045","010500","3003"
"552564","501 E ALMOND AVENUE, MADERA, CA, 93637","Match","Exact","501 E ALMOND AVE, MADERA, CA, 93637","-120.051862183545,36.945583646933","612101203","R","06","039","000511","3000"
"552563","2666 NORTH GROVE INDUSTRIAL DRIVE SUITE 106, FRESNO, CA, 93727","Match","Exact","2666 N GROVE INDUSTRIAL DR, FRESNO, CA, 93727","-119.729943991345,36.774232147805","197578340","R","06","019","003104","2029"
"752617","4660 EL CAJON BLVD., SUITE 110, SAN DIEGO, CA, 92115","Match","Exact","4660 EL CAJON BLVD, SAN DIEGO, CA, 92115","-117.093985364974,32.755880613672","657321205","L","06","073","002301","2003"
"552569","30 G0LDEN LAND COURT BUILDING G, SACRAMENTO, CA, 95834","Match","Non_Exact","30 GOLDENLAND CT, SACRAMENTO, CA, 95834","-121.503490863054,38.650943085574","133438161","R","06","067","007019","1003"
"752618","1275 W. FOOTHILL BLVD. UNIT 1, RIALTO, CA, 92376","Match","Exact","1275 W FOOTHILL BLVD, RIALTO, CA, 92376","-117.396002180046,34.106686696538","144643824","L","06","071","003510","1000"
"552568","5220 E. Telford Street, East Los Angeles, CA, 90022","Match","Non_Exact","5220 TELFORD ST, EAST LOS ANGELES, CA, 90022","-118.153002714181,34.034439191477","141637833","R","06","037","530400","3010"
"752619","44151 15TH ST., STE. 215, LANCASTER, CA, 93534","Match","Non_Exact","44151 15TH ST W, LANCASTER, CA, 93534","-118.156872759655,34.685052681765","641277113","L","06","037","900703","1000"
"552567","1310 Las Tablas Road, Suite 101, Templeton, CA, 93465","Match","Exact","1310 LAS TABLAS RD, TEMPLETON, CA, 93465","-120.722539439914,35.554429779987","637061756","R","06","079","012707","2025"
"752613","952 S MOUNT VERNON AVE., STE C, COLTON, CA, 92324","Match","Non_Exact","952 S MOUNT VERNON AVE, COLTON, CA, 92324","-117.309101676253,34.054543717021","144976993","L","06","071","007108","1015"
"752616","2077 W. YOSEMITE AVE, MANTECA, CA, 95337","Match","Non_Exact","2077 YOSEMITE AVE, MANTECA, CA, 95337","-121.251714391106,37.797385093079","133901282","L","06","077","005123","1000"
"752611","1451 West Pacheco Blvd., Suite G, Los Banos, CA, 93635","Match","Non_Exact","1451 W PACHECO BLVD, LOS BANOS, CA, 93635","-120.876774621611,37.056622933632","657529082","R","06","047","002301","3017"
"752612","4670 CENTRAL WAY STE D, FAIRFIELD, CA, 94534","Match","Non_Exact","4670 CENTRAL WAY, FAIRFIELD, CA, 94534","-122.132522084786,38.219032543183","192532907","L","06","095","252205","3000"
"052644","2300 W. Valley Blvd., Alhambra, CA, 91803","Match","Exact","2300 W VALLEY BLVD, ALHAMBRA, CA, 91803","-118.148734199781,34.077036842788","141635651","L","06","037","481901","1004"
"052643","8635 W. Third Street, Suite 560W, Los Angeles, CA, 90048","Match","Exact","8635 W 3RD ST, LOS ANGELES, CA, 90048","-118.379915987733,34.073632398199","141572401","R","06","037","214902","1005"
"052648","31736 Rancho Viejo Road, Suite B, SAN JUAN CAPISTRANO, CA, 92675","Match","Non_Exact","31736 RANCHO VIEJO RD, SAN JUAN CAPISTRANO, CA, 92675","-117.653698941521,33.501988531321","657881086","L","06","059","042312","2005"
"052647","1729 NORTH OLIVE #9, TURLOCK, CA, 95382","Match","Non_Exact","1729 N OLIVE AVE, TURLOCK, CA, 95382","-120.839902069863,37.509024162475","102617881","R","06","099","003906","1002"
"552562","8625 Liberty Park Drive, Suite 102, Bakersfield, CA, 93311","Match","Exact","8625 LIBERTY PARK DR, BAKERSFIELD, CA, 93311","-119.099297388985,35.341966470992","109141663","R","06","029","002806","2028"
"052641","16892 Bolsa Chica Street, Suite 100, Huntington Beach, CA, 92649","Match","Exact","16892 BOLSA CHICA ST, HUNTINGTON BEACH, CA, 92649","-118.041675294316,33.717641350068","144014101","L","06","059","099416","2000"
"552561","4765 Carmel Mountain Road, Suite 100, San Diego, CA, 92130","Match","Exact","4765 CARMEL MOUNTAIN RD, SAN DIEGO, CA, 92130","-117.21345235542,32.921735372782","195723775","R","06","073","008372","1007"
"552560","480 REDWOOD STREET SUITE 40, VALLEJO, CA, 94590","Match","Exact","480 REDWOOD ST, VALLEJO, CA, 94590","-122.259242262882,38.123276978726","640041159","L","06","095","251802","2012"
"552555","3555 DEER PARK DRIVE SUITE 140, STOCKTON, CA, 95219","Match","Exact","3555 DEER PARK DR, STOCKTON, CA, 95219","-121.352541253051,37.985752601412","133877116","L","06","077","003118","2004"
"552554","751 Legion Road, Suite 100, Brawley, CA, 92227","Match","Non_Exact","751 W LEGION RD, BRAWLEY, CA, 92227","-115.553943929494,32.959998134176","657554520","R","06","025","010600","5013"
"552553","11161 Magnolia Avenue, Riverside, CA, 92505","Match","Exact","11161 MAGNOLIA AVE, RIVERSIDE, CA, 92505","-117.478815153562,33.902121178095","194737549","R","06","065","041406","1004"
"552552","1335 Cypress Street, Suite 102, San Dimas, CA, 91773","Match","Exact","1335 CYPRESS ST, SAN DIMAS, CA, 91773","-117.833602948335,34.095860887559","241252291","R","06","037","401312","2010"
"552559","1860 MILMONT DRIVE, MILPITAS, CA, 95035","Match","Exact","1860 MILMONT DR, MILPITAS, CA, 95035","-121.917299062274,37.456358253709","640601223","R","06","085","504506","2000"
"552558","1850 MILMONT DRIVE, MILPITAS, CA, 95035","Match","Exact","1850 MILMONT DR, MILPITAS, CA, 95035","-121.91723397272,37.456247990029","640601223","R","06","085","504506","2000"
"552557","2455 SISTER MARY COLUMBA DRIVE, RED BLUFF, CA, 96080","Match","Exact","2455 SISTER MARY COLUMBA DR, RED BLUFF, CA, 96080","-122.217569413684,40.14894525169","119369027","L","06","103","000702","1019"
"552556","320 James Way, Suite 110, Pismo Beach, CA, 93449","Match","Exact","320 JAMES WAY, PISMO BEACH, CA, 93449","-120.626700311591,35.137926727194","109875362","L","06","079","011706","1037"
"052635","8501 Brimhall Road, Bldg. 500, Bakersfield, CA, 93312","Match","Exact","8501 BRIMHALL RD, BAKERSFIELD, CA, 93312","-119.096839724166,35.368769869018","657830411","R","06","029","003812","2000"
"052634","1416 Centinela Avenue, Inglewood, CA, 90302","Match","Exact","1416 CENTINELA AVE, INGLEWOOD, CA, 90302","-118.364245613081,33.976860113854","141653676","R","06","037","601301","2020"
"052633","11550 Indian Hills Road, Suite 100, Mission Hills, CA, 91345","Match","Exact","11550 INDIAN HILLS RD, MISSION HILLS, CA, 91345","-118.458867143255,34.279953294813","141546769","R","06","037","109100","2007"
"052638","970 Enchanted Way, Simi Valley, CA, 93065","Match","Exact","970 ENCHANTED WAY, SIMI VALLEY, CA, 93065","-118.782571664913,34.28514170587","110016502","L","06","111","008502","2032"
"052637","1211 N. San Fernando Blvd., Burbank, CA, 91504","Match","Exact","1211 N SAN FERNANDO BLVD, BURBANK, CA, 91504","-118.319822835404,34.188927250009","241240052","L","06","037","310601","2020"
"052631","1212 Wilshire Blvd., Los Angeles, CA, 90017","Match","Exact","1212 WILSHIRE BLVD, LOS ANGELES, CA, 90017","-118.265150304268,34.053062636632","141616706","L","06","037","209106","1009"
"552551","2438 N. Ponderosa Drive, Suite C-101, Camarillo, CA, 93010","Match","Non_Exact","2438 N PONDEROSA DR, CAMARILLO, CA, 93010","-119.022413969984,34.241320804863","110080246","L","06","111","005202","2018"
"052630","2301 CIRCADIAN WAY #C, SANTA ROSA, CA, 95407","Match","Non_Exact","2301 CIRCADIAN WAY, SANTA ROSA, CA, 95407","-122.752945964107,38.421535280575","67515215","R","06","097","153302","3000"
"552550","2301 CIRCADIAN WAY SUITE B, SANTA ROSA, CA, 95407","Match","Non_Exact","2301 CIRCADIAN WAY, SANTA ROSA, CA, 95407","-122.752945964107,38.421535280575","67515215","R","06","097","153302","3000"
"552544","3214 Yorba Linda Blvd., Fullerton, CA, 92831","Match","Exact","3214 YORBA LINDA BLVD, FULLERTON, CA, 92831","-117.869972029004,33.888753459754","609050964","R","06","059","011711","4004"
"552543","10672 Wexford Street, Suite 250, San Diego, CA, 92131","Match","Exact","10672 WEXFORD ST, SAN DIEGO, CA, 92131","-117.099249845734,32.93894928473","650410212","L","06","073","017068","2000"
"552542","8139 ELK GROVE BOULEVARD SUITE 200, ELK GROVE, CA, 95758","Match","Exact","8139 ELK GROVE BLVD, ELK GROVE, CA, 95758","-121.406115053657,38.409123665941","629157860","L","06","067","009612","3000"
"552541","894 Hardt Street, San Bernardino, CA, 92408","Match","Non_Exact","894 E HARDT ST, SAN BERNARDINO, CA, 92408","-117.265689108575,34.07268068889","144659882","L","06","071","007202","2028"
"552547","18520 Via Princessa, Building C-1, Canyon Country, CA, 91387","Match","Exact","18520 VIA PRINCESSA, CANYON COUNTRY, CA, 91387","-118.458087542782,34.403192200914","657188668","R","06","037","920042","3000"
"552546","2060 Otay Lakes Road, Suite 120, CHULA VISTA, CA, 91913","Match","Non_Exact","2060 OTAY LAKES RD, CHULA VISTA, CA, 91915","-116.973548692438,32.64476890152","657504002","R","06","073","013323","3000"
"552545","4201 E. La Palma Avenue, Anaheim, CA, 92807","Match","Exact","4201 E LA PALMA AVE, ANAHEIM, CA, 92807","-117.825852313367,33.859441551877","144029866","L","06","059","021813","1014"
"552549","333 University Avenue, SACRAMENTO, CA, 95825","Match","Exact","333 UNIVERSITY AVE, SACRAMENTO, CA, 95825","-121.416502158437,38.570698276387","133335743","R","06","067","005403","1002"
"052624","715 SOUTH POINT BLVD., SUITE A, PETALUMA, CA, 94954","Match","Non_Exact","715 SOUTHPOINT BLVD, PETALUMA, CA, 94954","-122.647336301009,38.258589772739","605013702","R","06","097","150609","2000"
"052622","1700 E Cesar E. Chavez Ave., Suite L-100, Los Angeles, CA, 90033","Match","Non_Exact","1700 E CESAR E CHAVEZ AVE, LOS ANGELES, CA, 90033","-118.217557093919,34.051113357452","141622456","R","06","037","203500","1009"
"052621","595 Tamarack Avenue, Suite A, Brea, CA, 92821","Match","Non_Exact","595 TAMARACK AVE, BREA, CA, 92821","-117.900156339199,33.928114188131","657906894","R","06","059","001507","1005"
"052628","402 W. Eighth Street, Hanford, CA, 93230","Match","Exact","402 W 8TH ST, HANFORD, CA, 93230","-119.650841786836,36.326994454646","197961933","L","06","031","000902","3026"
"052627","7880 Valley View St., Buena Park, CA, 90620","Match","Exact","7880 VALLEY VIEW ST, BUENA PARK, CA, 90620","-118.028350322655,33.848150288212","635895090","L","06","059","110301","2005"
"052620","3050 W. Florida Avenue, Hemet, CA, 92545","Match","Exact","3050 W FLORIDA AVE, HEMET, CA, 92545","-117.003815201385,33.747450049723","195080401","L","06","065","043503","3012"
"552540","1451 SECRET RAVINE PARKWAY SUITE 130, ROSEVILLE, CA, 95661","Match","Exact","1451 SECRET RAVINE PKWY, ROSEVILLE, CA, 95661","-121.243639910524,38.764434107917","645090313","R","06","061","022400","2006"
"552533","1015 8TH STREET, MARYSVILLE, CA, 95901","Match","Exact","1015 8TH ST, MARYSVILLE, CA, 95901","-121.598235899581,39.143028905697","106940391","R","06","115","040100","4014"
"552532","1221  Pacific Coast Highway, Harbor City, CA, 90710","Match","Exact","1221 PACIFIC COAST HWY, HARBOR CITY, CA, 90710","-118.298020464819,33.789808269179","657203615","R","06","037","294421","2003"
"552530","2345 FOREST AVENUE, CHICO, CA, 95928","Match","Exact","2345 FOREST AVE, CHICO, CA, 95928","-121.799734599791,39.718179384443","68446033","L","06","007","000903","1003"
"552537","180 NORTHPOINT DRIVE, REDDING, CA, 96003","Match","Exact","180 NORTHPOINT DR, REDDING, CA, 96003","-122.379201551314,40.612289107618","126731387","R","06","089","010704","1020"
"752606","2200 OUTLET CENTER DR., STE 420, OXNARD, CA, 93036","Match","Exact","2200 OUTLET CENTER DR, OXNARD, CA, 93036","-119.148313353565,34.221833646877","110122171","R","06","111","004902","1003"
"552536","1315 10TH STREET, SUITE 300, MODESTO, CA, 95354","Match","Exact","1315 10TH ST, MODESTO, CA, 95354","-121.003944070869,37.643503720786","102604324","L","06","099","001800","2019"
"552535","1225 Willow Pass RD, Concord, CA, 94520","Match","Exact","1225 WILLOW PASS RD, CONCORD, CA, 94520","-122.0543003978,37.967374484265","192110157","L","06","013","327001","2036"
"752608","12030 INDUSTRY BLVD, JACKSON, CA, 95642","Match","Exact","12030 INDUSTRY BLVD, JACKSON, CA, 95642","-120.801456655714,38.369498391573","640748690","R","06","005","000303","1067"
"752602","3356 W Ball Rd, #110, Anaheim, CA, 92804","Match","Exact","3356 W BALL RD, ANAHEIM, CA, 92804","-118.00689011932,33.817230626946","144002061","L","06","059","087801","1002"
"752603","7777 MILLIKEN AVE, SUITE 100, RANCHO CUCAMONGA, CA, 91730","Match","Exact","7777 MILLIKEN AVE, RANCHO CUCAMONGA, CA, 91730","-117.557339797749,34.109255646681","636195221","R","06","071","002050","1004"
"052629","5 Nielson Street, WATSONVILLE, CA, 95076","Match","Non_Exact","5 NEILSON ST, WATSONVILLE, CA, 95076","-121.7911560704,36.928263017126","636417025","L","06","087","110601","1013"
"552538","638 S. Glendora Avenue, Glendora, CA, 91740","Match","Exact","638 S GLENDORA AVE, GLENDORA, CA, 91740","-117.863752655385,34.127896993619","241245437","L","06","037","401101","4001"
"752601","340 E COMMONWEALTH AVE, FULLERTON, CA, 92832","Match","Exact","340 E COMMONWEALTH AVE, FULLERTON, CA, 92832","-117.918954525667,33.870315137624","144022509","R","06","059","011300","1015"
"502546","18828 SMOKEY POINT BLVD, ARLINGTON, WA, 98223","Match","Exact","18828 SMOKEY POINT BLVD, ARLINGTON, WA, 98223","-122.185964165457,48.167319646541","638595939","L","53","061","053508","1030"
"502547","601 WEST 5TH AVE STE 101, SPOKANE, WA, 99204","Match","Exact","601 W 5TH AVE, SPOKANE, WA, 99204","-117.421082783578,47.651362874872","189876759","L","53","063","003200","3008"
"502548","1872 N 13TH LOOP RD, SHELTON, WA, 98584","Match","Exact","1872 N 13TH LOOP RD, SHELTON, WA, 98584","-123.112428162461,47.22625837583","180870359","L","53","045","960800","2008"
"502549","19472 POWDER HILL PL STE 100, POULSBO, WA, 98370","Match","Non_Exact","19472 POWDER HILL PL NE, POULSBO, WA, 98370","-122.635281129114,47.737831148278","187667897","L","53","035","090502","1016"
"502553","25316 74TH AVE S STE 101, KENT, WA, 98032","Match","Exact","25316 74TH AVE S, KENT, WA, 98032","-122.242698596191,47.374990406937","187008816","L","53","033","029701","2051"
"502554","10224 196TH ST CT E STE 300, GRAHAM, WA, 98338","Match","Exact","10224 196TH STREET CT E, GRAHAM, WA, 98338","-122.293679350485,47.077577820878","184703193","R","53","053","073129","3006"
"502555","335 COOPER POINT RD NW, OLYMPIA, WA, 98502","Tie"
"552801","2977 Redondo Avenue, LONG BEACH, CA, 90806","Match","Exact","2977 REDONDO AVE, LONG BEACH, CA, 90806","-118.151399718082,33.809933909635","141700328","L","06","037","980018","1022"
"502550","9120 NE VANCOUVER MALL DR SUITE 160, VANCOUVER, WA, 98662","Match","Exact","9120 NE VANCOUVER MALL DR, VANCOUVER, WA, 98662","-122.578342693562,45.65831621941","639695411","R","53","011","041114","2012"
"552800","2080 Century Park East, Suite 210, LOS ANGELES, CA, 90067","Match","Exact","2080 CENTURY PARK E, LOS ANGELES, CA, 90067","-118.412158494516,34.058748433562","141571631","L","06","037","267901","1001"
"502551","3401 S 19TH ST, TACOMA, WA, 98405","Match","Exact","3401 S 19TH ST, TACOMA, WA, 98405","-122.480399891854,47.24282414065","184620210","R","53","053","061200","3012"
"502552","2101 W DOLARWAY RD, ELLENSBURG, WA, 98926","Match","Exact","2101 W DOLARWAY RD, ELLENSBURG, WA, 98926","-120.578284626613,47.001761001328","157206877","L","53","037","975500","1035"
"552805","27420 Iris Avenue, MORENO VALLEY, CA, 92555","Match","Exact","27420 IRIS AVE, MORENO VALLEY, CA, 92555","-117.185036021816,33.895497293076","639964806","L","06","065","048700","3002"
"552804","1245 W PACHECO BLVD STE D, LOS BANOS, CA, 93635","Match","Non_Exact","1245 W PACHECO BLVD, LOS BANOS, CA, 93635","-120.871179646113,37.056625774868","637828348","R","06","047","002301","4003"
"552803","1372 Mitchell Road, MODESTO, CA, 95351","Match","Exact","1372 MITCHELL RD, MODESTO, CA, 95351","-120.938658708115,37.611151468942","102592282","L","06","099","003003","2003"
"552802","2624 STOCKTON BOULEVARD, SACRAMENTO, CA, 95817","Match","Exact","2624 STOCKTON BLVD, SACRAMENTO, CA, 95817","-121.455677187778,38.551531110983","637743491","R","06","067","001800","5011"
"552809","626 POTRERO AVE, SAN FRANCISCO, CA, 94110","Match","Exact","626 POTRERO AVE, SAN FRANCISCO, CA, 94110","-122.407224628233,37.7615666237","192301324","R","06","075","022802","1008"
"552808","1810 S. FRESNO AVE., STOCKTON, CA, 95206","Match","Exact","1810 S FRESNO AVE, STOCKTON, CA, 95206","-121.312059352838,37.931582308211","600191009","L","06","077","000803","2011"
"552807","721 W 1st Street, TUSTIN, CA, 92780","Match","Exact","721 W 1ST ST, TUSTIN, CA, 92780","-117.831859070824,33.745797309676","618078724","L","06","059","075505","3009"
"552806","1140 South Ben Maddox Way, VISALIA, CA, 93292","Match","Exact","1140 S BEN MADDOX WAY, VISALIA, CA, 93292","-119.276492616471,36.321106770294","202802336","R","06","107","001703","1003"
"502539","1684 Bishop RD, CHEHALIS, WA, 98532","Match","Exact","1684 BISHOP RD, CHEHALIS, WA, 98532","-122.927299194764,46.623882750226","641299586","L","53","041","971400","2006"
"502535","1017 NORTH PINES RD, SPOKANE, WA, 99206","Match","Exact","1017 N PINES RD, SPOKANE, WA, 99206","-117.239804031573,47.666370361101","189888432","L","53","063","011900","1010"
"502536","14524 BOTHELL WAY NE, LAKE FOREST PARK, WA, 98155","Match","Exact","14524 BOTHELL WAY NE, LAKE FOREST PARK, WA, 98155","-122.292356240767,47.734219765756","186576443","R","53","033","021300","1017"
"502537","12610 E MIRABEAU PKWY SUITE 100, SPOKANE, WA, 99216","No_Match"
"502538","7701 N DIVISION STREET, SPOKANE, WA, 99208","Match","Exact","7701 N DIVISION ST, SPOKANE, WA, 99208","-117.411466724159,47.727649999487","639911853","L","53","063","010901","1041"
"502542","3535 FACTORIA BLVD SE  #150, BELLEVUE, WA, 98006","Match","Exact","3535 FACTORIA BLVD SE, BELLEVUE, WA, 98006","-122.169385665989,47.57861326897","186998872","R","53","033","024800","3006"
"502543","1236 AHTANUM RIDGE DR, UNION GAP, WA, 98903","No_Match"
"502544","2615 SW TRENTON ST, SEATTLE, WA, 98126","Match","Non_Exact","2615 SW TRENTON ST, SEATTLE, WA, 98106","-122.366218277864,47.524620425521","186706331","L","53","033","011402","1010"
"502545","430 SE MIDWAY BLVD, OAK HARBOR, WA, 98277","Match","Exact","430 SE MIDWAY BLVD, OAK HARBOR, WA, 98277","-122.643201797375,48.294632116741","187579995","R","53","029","970800","2010"
"502540","35131 SE DOUGLAS ST SUITE 113, SNOQUALMIE, WA, 98065","Match","Exact","35131 SE DOUGLAS ST, SNOQUALMIE, WA, 98065","-121.871701768879,47.526044421122","239782131","L","53","033","032604","2005"
"502541","1221 N 16TH AVE, YAKIMA, WA, 98902","Match","Exact","1221 N 16TH AVE, YAKIMA, WA, 98902","-120.530287797289,46.619236587587","645996484","R","53","077","000301","1000"
"502568","116 OLDS STATION RD, WENATCHEE, WA, 98801","Match","Exact","116 OLDS STATION RD, WENATCHEE, WA, 98801","-120.33508810149,47.462396536386","156991796","R","53","007","960700","1045"
"502569","300 COLORADO AVE, EAST WENATCHEE, WA, 98802","Match","Non_Exact","300 N COLORADO AVE, EAST WENATCHEE, WA, 98802","-120.284145713661,47.409926411234","156904753","R","53","017","950500","3006"
"502575","8770 TALLON LN NE, LACEY, WA, 98516","Match","Exact","8770 TALLON LN NE, LACEY, WA, 98516","-122.754775122675,47.059311806977","180972652","R","53","067","012330","2017"
"502576","18121 149TH ST SE, MONROE, WA, 98272","Match","Exact","18121 149TH ST SE, MONROE, WA, 98272","-121.988949952744,47.862434409986","187767255","R","53","061","052208","3001"
"502577","1250 STATE AVE, MARYSVILLE, WA, 98270","Match","Exact","1250 STATE AVE, MARYSVILLE, WA, 98270","-122.176843671883,48.062866506727","636720565","R","53","061","052905","3008"
"502578","855 TROSPER RD SW STE 110, TUMWATER, WA, 98512","Match","Exact","855 TROSPER RD SW, TUMWATER, WA, 98512","-122.918717845744,46.999909273707","180978911","L","53","067","010920","1014"
"502571","823 ZILLAH WEST RD STE 300, ZILLAH, WA, 98953","Match","Exact","823 ZILLAH WEST RD, ZILLAH, WA, 98953","-120.27520458683,46.404272490103","184966938","L","53","077","002201","1027"
"502572","3208 W 19TH AVE, KENNEWICK, WA, 99337","Match","Exact","3208 W 19TH AVE, KENNEWICK, WA, 99337","-119.163945179934,46.191518602741","174991634","R","53","005","011505","2000"
"502573","809 31ST ST, ANACORTES, WA, 98221","Match","Exact","809 31ST ST, ANACORTES, WA, 98221","-122.60990978657,48.497133344238","183647252","L","53","057","940500","1024"
"502574","3921 SW 13TH AVE, BATTLE GROUND, WA, 98604","No_Match"
"502570","857 ROOSEVELT AVE E, ENUMCLAW, WA, 98022","Match","Exact","857 ROOSEVELT AVE E, ENUMCLAW, WA, 98022","-121.97338892449,47.199350652402","239780812","L","53","033","031400","2021"
"502557","147 GARDEN HOMES DR, COLVILLE, WA, 99114","Match","Exact","147 GARDEN HOMES DR, COLVILLE, WA, 99114","-117.888526283148,48.533012404146","657733605","R","53","065","950500","2032"
"502558","530 S 1ST AVE, OTHELLO, WA, 99344","Match","Exact","530 S 1ST AVE, OTHELLO, WA, 99344","-119.174083727848,46.82071217573","181833182","L","53","001","950500","3004"
"502559","1315 AARON DR, RICHLAND, WA, 99352","Match","Exact","1315 AARON DR, RICHLAND, WA, 99352","-119.283952845666,46.260258329477","636501018","R","53","005","010600","3011"
"502565","2500 SIMS WAY STE 102, PORT TOWNSEND, WA, 98368","Match","Non_Exact","2500 W SIMS WAY, PORT TOWNSEND, WA, 98368","-122.805164810788,48.102644061883","152003292","L","53","031","950603","3022"
"502566","311 140TH ST S, PARKLAND, WA, 98444","Match","Exact","311 140TH ST S, PARKLAND, WA, 98444","-122.436188913416,47.130396630877","184629981","R","53","053","071503","2001"
"502567","822 S MAIN, DEER PARK, WA, 99006","Match","Non_Exact","822 N MAIN AVE, DEER PARK, WA, 99006","-117.476867360335,47.962447887541","189914464","R","53","063","010301","1014"
"502560","8130 EVERGREEN WAY STE C, EVERETT, WA, 98203","Match","Non_Exact","8130 EVERGREEN WAY, EVERETT, WA, 98203","-122.225388513282,47.924873813344","606930468","R","53","061","041202","4006"
"502561","18001 BOTHELL EVERETT HWY STE 112, BOTHELL, WA, 98012","Match","Exact","18001 BOTHELL EVERETT HWY, BOTHELL, WA, 98012","-122.210651670587,47.834604069275","187761048","L","53","061","051934","1002"
"502597","6021 12TH STREET E, SUITE 110, FIFE, WA, 98424","Match","Exact","6021 12TH ST E, FIFE, WA, 98424","-122.349766421497,47.246308927761","184706464","L","53","053","940002","4023"
"552841","4182 Oceanside Blvd, Oceanside, CA, 92056","Match","Exact","4182 OCEANSIDE BLVD, OCEANSIDE, CA, 92056","-117.285820747429,33.207122849659","195750707","L","06","073","018522","1022"
"502598","208 Hospital Pkwy STE A, Mount Vernon, WA, 98273","No_Match"
"552840","78030 Wildcat Dr. Ste 102, PALM DESERT, CA, 92211","Match","Exact","78030 WILDCAT DR, PALM DESERT, CA, 92211","-116.30419240478,33.765064883366","195044481","L","06","065","044520","1031"
"502599","600 Broadway St, Longview, WA, 98632","Match","Exact","600 BROADWAY ST, LONGVIEW, WA, 98632","-122.925008429784,46.136770168454","184490553","R","53","015","002100","3005"
"502593","33820 WEYERHAEUSER WAY S STE 100, FEDERAL WAY, WA, 98001","Match","Exact","33820 WEYERHAEUSER WAY S, FEDERAL WAY, WA, 98001","-122.292391595799,47.298390472914","187066277","R","53","033","030407","2006"
"552845","38454 5th Street West, Palmdale, CA, 93551","Match","Exact","38454 5TH ST W, PALMDALE, CA, 93551","-118.138438267999,34.580830861746","141528928","L","06","037","910401","3000"
"502594","501 South 336th St., Suite 110, FEDERAL WAY, WA, 98003","Match","Exact","501 S 336TH ST, FEDERAL WAY, WA, 98003","-122.326488173942,47.300190444103","186651510","R","53","033","030313","3013"
"552844","14434 Sherman Way, Van Nuys, CA, 91405","Match","Exact","14434 SHERMAN WAY, VAN NUYS, CA, 91405","-118.447391436402,34.201135707193","142716376","L","06","037","127910","2003"
"502595","13619 Mukilteo Speedway Ste D-1, LYNNWOOD, WA, 98087","No_Match"
"552843","17875 Colima Rd, Suite A, City of Industry, CA, 91748","Match","Non_Exact","17875 COLIMA RD, CITY OF INDUSTRY, CA, 91748","-117.914476835967,33.990122049602","241153628","L","06","037","980035","1184"
"502596","502 West 1st Street, WAPATO, WA, 98951","Match","Exact","502 W 1ST ST, WAPATO, WA, 98951","-120.425026968164,46.447889206325","653031573","R","53","077","940008","1006"
"552842","1320 EL CAPITAN DR STE 210, DANVILLE, CA, 94526","Match","Exact","1320 EL CAPITAN DR, DANVILLE, CA, 94526","-121.966355198308,37.785262214841","192065931","R","06","013","345114","1006"
"502590","5825 TACOMA MALL BLVD STE 103, TACOMA, WA, 98409","Match","Exact","5825 TACOMA MALL BLVD, TACOMA, WA, 98409","-122.463770721081,47.204436566596","184677013","L","53","053","063000","1012"
"552848","3501 E CAPITOL EXPRESSWAY, SAN JOSE, CA, 95122","Match","Non_Exact","3501 CAPITOL EXPY, SAN JOSE, CA, 95122","-121.824749858534,37.347117684849","653175394","R","06","085","503506","3001"
"502591","1115 REGENTS BOULEVARD, FIRCREST, WA, 98466","Match","Exact","1115 REGENTS BLVD, FIRCREST, WA, 98466","-122.519554213511,47.238872746265","184721072","R","53","053","072305","1011"
"552847","2980 ADVANTAGE WAY, SACRAMENTO, CA, 95834","Match","Exact","2980 ADVANTAGE WAY, SACRAMENTO, CA, 95834","-121.527993246948,38.654321770648","133438157","L","06","067","007027","1001"
"502592","1815 Cooks Hill Rd, CENTRALIA, WA, 98531","Match","Exact","1815 COOKS HILL RD, CENTRALIA, WA, 98531","-122.984320210761,46.713783434552","658214826","R","53","041","970200","3022"
"552846","12220 Perris Blvd, Ste A, Moreno Valley, CA, 92557","Match","Non_Exact","12220 PERRIS BLVD, MORENO VALLEY, CA, 92557","-117.226300545103,33.943195036319","638903572","L","06","065","042403","2004"
"452391","9835 N Lake Creek Parkway, Austin, TX, 78717","Match","Exact","9835 N LAKE CREEK PKWY, AUSTIN, TX, 78717","-97.793634841388,30.474825120203","126457445","R","48","491","020311","3011"
"502579","1822 112TH ST EAST SUITE A, TACOMA, WA, 98445","Match","Non_Exact","1822 112TH ST E, TACOMA, WA, 98445","-122.40431307867,47.154958331146","639257349","R","53","053","071305","1004"
"502586","4110 NE 4TH ST STE E, RENTON, WA, 98059","Match","Non_Exact","4110 NE 4TH ST, RENTON, WA, 98059","-122.163964740352,47.488634112193","651113536","L","53","033","025103","1009"
"552830","1800 Medical Center Dr. Suite 150, SAN BERNARDINO, CA, 92411","Match","Non_Exact","1800 N MEDICAL CENTER DR, SAN BERNARDINO, CA, 92411","-117.322641476508,34.131150895702","144652309","L","06","071","004201","1009"
"502587","702 SOUTH HILL PARK DR, PUYALLUP, WA, 98373","Match","Exact","702 S HILL PARK DR, PUYALLUP, WA, 98373","-122.301702631057,47.161283186122","184710613","R","53","053","071206","5011"
"502588","4700 POINT FOSDICK DR NW STE 101, GIG HARBOR, WA, 98335","Match","Exact","4700 POINT FOSDICK DR NW, GIG HARBOR, WA, 98335","-122.579333220159,47.300722148749","645916287","L","53","053","072408","2004"
"502589","1415 E 72ND ST STE E, TACOMA, WA, 98404","Match","Non_Exact","1415 72ND ST E, TACOMA, WA, 98404","-122.409814237911,47.191793471192","633279578","L","53","053","063301","2010"
"552834","15002 Amargosa Road, VICTORVILLE, CA, 92394","Match","Exact","15002 AMARGOSA RD, VICTORVILLE, CA, 92394","-117.330366617769,34.522819659389","144739795","L","06","071","009918","2015"
"502583","1930 Olympic HWY N, Shelton, WA, 98584","Match","Exact","1930 OLYMPIC HWY N, SHELTON, WA, 98584","-123.119914559528,47.221594568868","624448203","R","53","045","960700","1029"
"552833","4450 182nd Street, REDONDO BEACH, CA, 90278","Match","Non_Exact","4450 E 182ND ST, REDONDO BEACH, CA, 90278","-118.353641120475,33.865487978651","141663660","L","06","037","650300","5005"
"502584","720 W MAIN ST STE 112, BATTLE GROUND, WA, 98604","Match","Exact","720 W MAIN ST, BATTLE GROUND, WA, 98604","-122.545574154435,45.78080301777","158349480","L","53","011","040415","2024"
"552832","25210 Crenshaw Blvd., Suite 110, TORRANCE, CA, 90505","Match","Exact","25210 CRENSHAW BLVD, TORRANCE, CA, 90505","-118.3283328581,33.795649883511","142457440","R","06","037","651101","2042"
"502585","31811 Pacific Hwy S, Federal Way, WA, 98003","Match","Exact","31811 PACIFIC HWY S, FEDERAL WAY, WA, 98003","-122.313557858132,47.316840071488","658271503","R","53","033","030203","1002"
"552838","44605 Avenida De Missiones, Suite 100, TEMECULA, CA, 92592","Match","Exact","44605 AVE DE MISSIONES, TEMECULA, CA, 92592","-117.111466937239,33.476792924474","194827820","L","06","065","043207","2000"
"552837","255 E. Bonita Avenue, Building 1 Ste 200, POMONA, CA, 91767","Match","Exact","255 E BONITA AVE, POMONA, CA, 91767","-117.745681775596,34.096287301009","141733331","L","06","037","401707","4007"
"552836","623 South Central Avenue, GLENDALE, CA, 91204","Match","Exact","623 S CENTRAL AVE, GLENDALE, CA, 91204","-118.2579185949,34.138002649749","141610095","R","06","037","302302","3002"
"502581","145 CASCADE PLACE STE 100, BURLINGTON, WA, 98233","Match","Exact","145 CASCADE PL, BURLINGTON, WA, 98233","-122.335158581155,48.460102143526","183666556","L","53","057","951800","1007"
"552835","21040 Califa St Suite A, WOODLAND HILLS, CA, 91367","Match","Non_Exact","21040 CALIFA ST, WOODLAND HILLS, CA, 91367","-118.591570600035,34.177230328866","141535403","L","06","037","137104","1004"
"452388","4502 MEDICAL DRIVE, SAN ANTONIO, TX, 78229","Match","Exact","4502 MEDICAL DR, SAN ANTONIO, TX, 78229","-98.574033613545,29.509014391269","101491698","L","48","029","181402","1003"
"452389","21216 NORTHWEST FWY STE 320, Cypress, TX, 77429","Match","Exact","21216 NORTHWEST FWY, CYPRESS, TX, 77429","-95.649663046269,29.936596648379","638231919","R","48","201","552200","3016"
"552823","8331 Brimhall Road Building 900, Suite 902, BAKERSFIELD, CA, 93312","Match","Exact","8331 BRIMHALL RD, BAKERSFIELD, CA, 93312","-119.095295363607,35.368765309469","657830411","R","06","029","003812","2000"
"552822","390 S Fair Oaks Ave, PASADENA, CA, 91105","Match","Exact","390 S FAIR OAKS AVE, PASADENA, CA, 91105","-118.150334564747,34.139177550727","141629582","L","06","037","463602","4005"
"552821","9848 Atlantic Avenue, SOUTH GATE, CA, 90280","Match","Exact","9848 ATLANTIC AVE, SOUTH GATE, CA, 90280","-118.181216366364,33.942430806699","241244090","L","06","037","536104","2012"
"552820","1899 NORTH HELM AVE SUITE 101, FRESNO, CA, 93727","Match","Exact","1899 N HELM AVE, FRESNO, CA, 93727","-119.723549225365,36.768197051695","197643151","L","06","019","003104","2064"
"552827","1450 KOOSER ROAD, SAN JOSE, CA, 95118","Match","Exact","1450 KOOSER RD, SAN JOSE, CA, 95118","-121.891999595407,37.24544080099","122947118","L","06","085","511916","1000"
"552826","1180 W 6th Street, CORONA, CA, 92882","Match","Exact","1180 W 6TH ST, CORONA, CA, 92882","-117.585442846117,33.877402566484","194732005","L","06","065","041703","1000"
"552825","17125 Silica Drive, Suite 102, Victorville, CA, 92395","No_Match"
"552829","4040 LONE TREE WAY, ANTIOCH, CA, 94531","No_Match"
"552828","930 2nd AVENUE, MARINA, CA, 93933","No_Match"
"552812","4200 N Golden State Blvd, TURLOCK, CA, 95382","Match","Exact","4200 N GOLDEN STATE BLVD, TURLOCK, CA, 95382","-120.887267108831,37.530803319533","648633409","L","06","099","003612","1014"
"552811","2700 GEARY BLVD. SUITE A, SAN FRANCISCO, CA, 94118","Match","Non_Exact","2700 GEARY BLVD, SAN FRANCISCO, CA, 94118","-122.448147557386,37.782530003567","192282191","R","06","075","015401","1005"
"552810","1145 West 6th Street, Suite 100, LOS ANGELES, CA, 90017","Match","Exact","1145 W 6TH ST, LOS ANGELES, CA, 90017","-118.263164202543,34.054557803968","650080268","R","06","037","209202","1011"
"552816","1310 West Holt Avenue, ONTARIO, CA, 91762","Match","Non_Exact","1310 W HOLT BLVD, ONTARIO, CA, 91762","-117.675247774629,34.063348159371","144968832","R","06","071","001002","4002"
"552815","2403 S Vineyard Ave Suite D, ONTARIO, CA, 91761","Match","Non_Exact","2403 S VINEYARD AVE, ONTARIO, CA, 91761","-117.610911872482,34.029785892341","144637054","L","06","071","001809","1001"
"552814","4401 MACK ROAD, SACRAMENTO, CA, 95823","Match","Exact","4401 MACK RD, SACRAMENTO, CA, 95823","-121.454568401802,38.474372932695","639898191","L","06","067","004906","1006"
"552813","587 N. Mountain Avenue, UPLAND, CA, 91786","Match","Exact","587 N MOUNTAIN AVE, UPLAND, CA, 91786","-117.670248215393,34.101827315019","640050096","L","06","071","000823","4000"
"552819","23421 Lyons Avenue, VALENCIA, CA, 91355","No_Match"
"552818","1980 Cecil Avenue, DELANO, CA, 93215","Match","Exact","1980 CECIL AVE, DELANO, CA, 93215","-119.230003553647,35.775807146932","109137969","R","06","029","005006","2006"
"552817","8080 Limonite Avenue, JURUPA VALLEY, CA, 92509","Match","Exact","8080 LIMONITE AVE, JURUPA VALLEY, CA, 92509","-117.460727639862,33.977626749648","649772329","L","06","065","040404","1001"
"672665","2220 HAINE DRIVE, SUITE 40, HARLINGEN, TX, 78550","Match","Non_Exact","2220 S HAINE DR, HARLINGEN, TX, 78550","-97.667754622495,26.177710188915","89957668","R","48","061","011302","2006"
"672666","200 MEDICAL CENTER COURT, SUITE 200, BAY CITY, TX, 77414","Match","Exact","200 MEDICAL CENTER CT, BAY CITY, TX, 77414","-95.994958391457,28.980994850931","658056940","R","48","321","730400","1059"
"672667","6410 CRESCENT LOOP, LAREDO, TX, 78041","Match","Exact","6410 CRESCENT LOOP, LAREDO, TX, 78041","-99.448824430234,27.559365396332","617265729","R","48","479","001602","1015"
"672668","1011 NORTH HIGHWAY 77, WAXAHACHIE, TX, 75165","No_Match"
"672662","7502 SOUTH PADRE ISLAND DRIVE, CORPUS CHRISTI, TX, 78412","Match","Exact","7502 S PADRE ISLAND DR, CORPUS CHRISTI, TX, 78412","-97.335835670204,27.69134035853","656281728","L","48","355","002707","1017"
"672663","606 LOCUST AVE, VICTORIA, TX, 77901","Match","Exact","606 LOCUST AVE, VICTORIA, TX, 77901","-96.999314716194,28.821535723485","44559793","L","48","469","000501","3021"
"672664","1213 HERMANN DRIVE, HOUSTON, TX, 77004","Match","Exact","1213 HERMANN DR, HOUSTON, TX, 77004","-95.389070211093,29.723061662987","96064945","L","48","201","312601","3007"
"672669","20320 NORTHWEST FREEWAY, Jersey Village, TX, 77065","No_Match"
"672670","10923 SCARSDALE BLVD, HOUSTON, TX, 77089","Match","Exact","10923 SCARSDALE BLVD, HOUSTON, TX, 77089","-95.212431159142,29.585899519419","96590640","L","48","201","350400","3007"
"452358","801 SEVENTH AVE, FORT WORTH, TX, 76104","Match","Exact","801 7TH AVE, FORT WORTH, TX, 76104","-97.341899005821,32.73842279375","101885464","L","48","439","123700","3004"
"672671","4717 MEDICAL CENTER DRIVE, MCKINNEY, TX, 75069","Match","Exact","4717 MEDICAL CENTER DR, MCKINNEY, TX, 75069","-96.635348523441,33.159704855418","210476338","R","48","085","030903","1022"
"672676","4427 FM 1960 RD W, HOUSTON, TX, 77068","Match","Exact","4427 FM 1960 RD W, HOUSTON, TX, 77068","-95.491774498838,29.99142305954","96577843","R","48","201","551101","2006"
"672677","15917 SOUTH POST OAK Rd, HOUSTON, TX, 77053","Match","Exact","15917 S POST OAK RD, HOUSTON, TX, 77053","-95.46719718707,29.595042546449","78291017","R","48","157","670101","2000"
"672673","5940 CROSSLAKE PARKWAY, WACO, TX, 76712","Match","Exact","5940 CROSSLAKE PKWY, WACO, TX, 76712","-97.161819038571,31.488331979414","656102582","R","48","309","003709","2017"
"672674","894 FM 3168, RAYMONDVILLE, TX, 78580","Match","Exact","894 FM 3168, RAYMONDVILLE, TX, 78580","-97.772741626961,26.46695761977","88266638","R","48","489","950400","1136"
"672675","1800 WEST 26TH STREET, HOUSTON, TX, 77008","Match","Exact","1800 W 26TH ST, HOUSTON, TX, 77008","-95.43052510332,29.809642338176","96054394","L","48","201","511100","3003"
"672680","405 THIS WAY STREET, LAKE JACKSON, TX, 77566","Match","Non_Exact","405 THIS WAY, LAKE JACKSON, TX, 77566","-95.453804002638,29.03984781379","648595813","R","48","039","663400","1014"
"672681","12823 CAPRICORN DRIVE, STAFFORD, TX, 77477","Match","Non_Exact","12823 CAPRICORN ST, STAFFORD, TX, 77477","-95.567751703712,29.633900583329","78267927","R","48","157","671800","2018"
"672682","109 BINKLEY AVE, DUMAS, TX, 79029","Match","Exact","109 BINKLEY AVE, DUMAS, TX, 79029","-101.9689569156,35.865211591517","164659721","R","48","341","950302","3020"
"452344","1935 Medical District Drive, DALLAS, TX, 75235","Match","Exact","1935 MEDICAL DISTRICT DR, DALLAS, TX, 75235","-96.836126340058,32.808944424578","102904847","L","48","113","010001","1009"
"672643","12220 MURPHY RD STE R, STAFFORD, TX, 77477","No_Match"
"452385","910 REAR  OAK LANE, CHILDRESS, TX, 79201","Match","Exact","910 OAK LN, CHILDRESS, TX, 79201","-100.228628143798,34.437963418168","164410628","R","48","075","950100","1375"
"672644","8700 S GESSNER, HOUSTON, TX, 77074","Match","Non_Exact","8700 S GESSNER DR, HOUSTON, TX, 77074","-95.529441162756,29.68711536761","96566754","R","48","201","422900","4004"
"672645","307 SANDY CORNER ROAD, EL CAMPO, TX, 77437","Match","Exact","307 SANDY CORNER RD, EL CAMPO, TX, 77437","-96.29035686302,29.220185890851","647978027","L","48","481","740901","2016"
"672646","1203 ST CLAiRE BLVD, SUITE 9B, MISSION, TX, 78572","Match","Exact","1203 ST CLAIRE BLVD, MISSION, TX, 78572","-98.31835646101,26.194965016818","656239629","R","48","215","020405","1003"
"452380","3533 ALAMEDA, CORPUS CHRISTI, TX, 78411","Match","Non_Exact","3533 S ALAMEDA ST, CORPUS CHRISTI, TX, 78411","-97.384411294889,27.748350057032","178519417","R","48","355","002101","1001"
"672641","4665 GARTH RD, SUITE 900, BAYTOWN, TX, 77521","Match","Exact","4665 GARTH RD, BAYTOWN, TX, 77521","-94.977737254627,29.775361228091","657464015","L","48","201","253501","2004"
"672647","2895 SHILOH ROAD, TYLER, TX, 75703","Match","Exact","2895 SHILOH RD, TYLER, TX, 75703","-95.264008458408,32.295237956403","652310545","R","48","423","002010","4006"
"672648","925 EXCHANGE PARKWAY, ALLEN, TX, 75013","Match","Non_Exact","925 W EXCHANGE PKWY, ALLEN, TX, 75013","-96.677295912615,33.115931605354","657237505","L","48","085","031507","1007"
"672649","6331 BOULEVARD 26, NORTH RICHLAND HILLS, TX, 76180","Match","Exact","6331 BLVD 26, NORTH RICHLAND HILLS, TX, 76180","-97.24824948765,32.808460850228","102140507","L","48","439","110102","1003"
"452379","2150 S. FM 51, DECATUR, TX, 76234","Match","Exact","2150 S FM 51, DECATUR, TX, 76234","-97.597252187029,33.216001830658","630204859","L","48","497","150201","3049"
"452378","2349 Medical Drive, Pecos, TX, 79772","No_Match"
"672654","10850 FRISCO ST, FRISCO, TX, 75033","Match","Exact","10850 FRISCO ST, FRISCO, TX, 75033","-96.833347064038,33.168559647933","657240187","R","48","085","030410","3016"
"452374","1000 GARLAND JOHNSTON DRIVE, VERNON, TX, 76384","Match","Exact","1000 GARLAND JOHNSTON DR, VERNON, TX, 76384","-99.318606845148,34.160449117017","638518174","L","48","487","950500","1045"
"672655","16910 MATHIS CHURCH ROAD, HOUSTON, TX, 77090","Match","Exact","16910 MATHIS CHURCH RD, HOUSTON, TX, 77090","-95.454317720529,30.010364803675","96576705","R","48","201","550307","1001"
"672656","1612 NORTH TEXAS, BRYAN, TX, 77803","Match","Non_Exact","1612 N TEXAS AVE, BRYAN, TX, 77803","-96.372792710315,30.689160725642","21812580","L","48","041","000302","2025"
"452372","333 NORTH SANTA ROSA STREET, SAN ANTONIO, TX, 78207","Match","Exact","333 N SANTA ROSA ST, SAN ANTONIO, TX, 78207","-98.497816444026,29.42814718291","101525657","L","48","029","110100","3022"
"672650","1206 W. HENDERSON, CLEBURNE, TX, 76033","Match","Non_Exact","1206 E HENDERSON ST, CLEBURNE, TX, 76033","-97.402376836969,32.342169739507","103521420","R","48","251","131100","1030"
"672651","12176 N MO PAC EXPRESSWAY, SUITE A, AUSTIN, TX, 78758","Match","Non_Exact","12176 N MO PAC EXPY, AUSTIN, TX, 78758","-97.709066238669,30.412774676749","642469810","R","48","453","041400","1002"
"672653","9238 FLOYD CURL DRIVE, SUITE 102, SAN ANTONIO, TX, 78240","Match","Exact","9238 FLOYD CURL DR, SAN ANTONIO, TX, 78240","-98.593194822851,29.529030037067","101726482","R","48","029","181404","2001"
"672658","5036 TENNYSON PARKWAY, PLANO, TX, 75024","Match","Exact","5036 TENNYSON PKWY, PLANO, TX, 75024","-96.798755511914,33.064547658789","618095522","L","48","085","031672","1010"
"672659","4810 WEST ILLINOIS, Dallas, TX, 75211","Match","Non_Exact","4810 W ILLINOIS AVE, DALLAS, TX, 75211","-96.905007747281,32.720324120959","103192996","L","48","113","010808","1001"
"372604","1110 SW B AVE, LAWTON, OK, 73501","Match","Exact","1110 SW B AVE, LAWTON, OK, 73501","-98.404982783493,34.606276133641","14995351","L","40","031","002500","2051"
"502507","2150 N 107TH, SUITE 160, SEATTLE, WA, 98133","Match","Non_Exact","2150 N 107TH ST, SEATTLE, WA, 98133","-122.332239622059,47.706893737083","186691019","L","53","033","001201","3004"
"502508","602 OAKESDALE AVE SW, RENTON, WA, 98057","Match","Exact","602 OAKESDALE AVE SW, RENTON, WA, 98057","-122.238461356488,47.47342815551","239775997","R","53","033","026200","1004"
"372606","402 S WALL STREET, WAGONER, OK, 74467","No_Match"
"502509","17900 INTERNATIONAL BLVD S, STE 301, SEATAC, WA, 98188","No_Match"
"502502","2613 WHEATON WAY, BREMERTON, WA, 98310","Match","Exact","2613 WHEATON WAY, BREMERTON, WA, 98310","-122.62693901271,47.584235350467","187641930","L","53","035","080300","1012"
"372600","1104 E LINCOLN ST, IDABEL, OK, 74745","Match","Non_Exact","1104 E LINCOLN RD, IDABEL, OK, 74745","-94.817959060066,33.880839050581","68710357","L","40","089","098800","1053"
"502503","1005 PACIFIC AVE, EVERETT, WA, 98201","Match","Exact","1005 PACIFIC AVE, EVERETT, WA, 98201","-122.21706549515,47.976513353588","187743595","L","53","061","040800","3021"
"372603","620 S. SANTA FE AVE, MOORE, OK, 73160","Match","Exact","620 S SANTA FE AVE, MOORE, OK, 73160","-97.51201725075,35.333136810677","649367006","L","40","027","201604","2003"
"502504","5820 Road 68, Pasco, WA, 99301","Match","Non_Exact","5820 N RD 68, PASCO, WA, 99301","-119.234291824598,46.336721364198","175247493","L","53","021","020608","2007"
"372602","1319 S LYNN LANE, IDABEL, OK, 74745","Match","Non_Exact","1319 LYNN LN, IDABEL, OK, 74745","-94.814681940556,33.901860385918","68729154","L","40","089","098800","2042"
"502505","1474 112TH AVE NE, SUITE 100, BELLEVUE, WA, 98004","Match","Exact","1474 112TH AVE NE, BELLEVUE, WA, 98004","-122.190883671818,47.623927988439","186605193","R","53","033","024001","1008"
"502510","707 South Chase Street, Port Angeles, WA, 98362","Match","Exact","707 S CHASE ST, PORT ANGELES, WA, 98362","-123.434584831133,48.112211218094","150848853","R","53","009","001000","2015"
"372609","450 N EASTERN AVE, OKLAHOMA CITY, OK, 73160","Match","Exact","450 N EASTERN AVE, OKLAHOMA CITY, OK, 73160","-97.476772634975,35.341944983266","657104776","R","40","027","202106","4000"
"452799","4201 E BERRY, FORT WORTH, TX, 76105","Match","Non_Exact","4201 E BERRY ST, FORT WORTH, TX, 76105","-97.262795838345,32.714021674986","101898592","L","48","439","106201","1008"
"452797","1701 W. BEN WHITE BLVD, SUITE #180, AUSTIN, TX, 78704","Match","Exact","1701 W BEN WHITE BLVD, AUSTIN, TX, 78704","-97.785063295597,30.22793376564","657238821","L","48","453","002002","1006"
"452798","798 Generations Drive, NEW BRAUNFELS, TX, 78130","Match","Exact","798 GENERATIONS DR, NEW BRAUNFELS, TX, 78130","-98.062156285951,29.719979121482","650287525","R","48","091","310904","2056"
"452796","10134 HUEBNER ROAD, SAN ANTONIO, TX, 78240","Match","Exact","10134 HUEBNER RD, SAN ANTONIO, TX, 78240","-98.586332589622,29.537140897388","101569218","R","48","029","181404","3001"
"452793","351 SOUTH VIRGINIA AVE, SUITE 300, TERRELL, TX, 75160","Match","Non_Exact","351 SOUTH VIRGINIA ST, TERRELL, TX, 75160","-96.275395157387,32.733835367896","123776034","L","48","257","050500","3049"
"452794","2213 OLD KEMP HIGHWAY, KAUFMAN, TX, 75142","No_Match"
"452791","4731 N.E. STALLINGS, NACOGDOCHES, TX, 75965","Match","Non_Exact","4731 NE STALLINGS DR, NACOGDOCHES, TX, 75965","-94.651309442173,31.652028872312","637962890","L","48","347","950501","2011"
"452792","1126 SLIDE RD., LUBBOCK, TX, 79416","Match","Exact","1126 SLIDE RD, LUBBOCK, TX, 79416","-101.922514195527,33.585322787636","185326356","R","48","303","000402","2000"
"452790","10000 METRIC BLVD, AUSTIN, TX, 78758","Match","Exact","10000 METRIC BLVD, AUSTIN, TX, 78758","-97.719591305147,30.375312561674","642468994","L","48","453","040700","4000"
"502500","715 ALDER ST, SEATTLE, WA, 98104","Match","Exact","715 ALDER ST, SEATTLE, WA, 98104","-122.324213979809,47.602765400001","186590034","R","53","033","008500","3000"
"502501","410 BIRCHWOOD  SUITE 100, BELLINGHAM, WA, 98225","Match","Non_Exact","410 BIRCHWOOD AVE, BELLINGHAM, WA, 98225","-122.478057541963,48.777153587237","183786698","L","53","073","000401","3002"
"452309","6411 FANNIN ST, HOUSTON, TX, 77030","Match","Exact","6411 FANNIN ST, HOUSTON, TX, 77030","-95.396526728592,29.71509482743","637942056","L","48","201","313102","1029"
"452788","134 ELMHURST DRIVE, KYLE, TX, 78640","Match","Exact","134 ELMHURST DR, KYLE, TX, 78640","-97.861417854947,29.999717721519","641083524","R","48","209","010924","1006"
"452789","1801 EAST 51ST STREET, AUSTIN, TX, 78723","Match","Exact","1801 E 51ST ST, AUSTIN, TX, 78723","-97.698908302313,30.303830896523","64019241","R","48","453","000308","1005"
"452786","1673 CARTWRIGHT ROAD, MISSOURI CITY, TX, 77459","Match","Non_Exact","1673 CARTWRIGHT RD, MISSOURI CITY, TX, 77489","-95.528142352159,29.583448626911","652487515","R","48","157","671002","1002"
"452787","607 TIMBERDALE LANE, SUITE 100, HOUSTON, TX, 77090","Match","Exact","607 TIMBERDALE LN, HOUSTON, TX, 77090","-95.439562011051,30.020381700762","96154496","R","48","201","553201","2008"
"452784","72 CYPRESS CREEK PKWY, HOUSTON, TX, 77090","No_Match"
"452785","3600 WEST ERWIN, TYLER, TX, 75702","Match","Non_Exact","3600 W ERWIN ST, TYLER, TX, 75702","-95.340849410849,32.352532146291","141325748","R","48","423","000100","5005"
"452782","409 S. 7TH STREET, CARRIZO SPRINGS, TX, 78834","Match","Exact","409 S 7TH ST, CARRIZO SPRINGS, TX, 78834","-99.862461546603,28.519589418718","182996335","R","48","127","950201","3096"
"672687","201 FM 971, GEORGETOWN, TX, 78626","Match","Exact","201 FM 971, GEORGETOWN, TX, 78626","-97.667700275469,30.655027066369","126437288","L","48","491","020113","1015"
"672689","403 N MILAM STREET, SAN AUGUSTINE, TX, 75972","Match","Exact","403 N MILAM ST, SAN AUGUSTINE, TX, 75972","-94.102555778359,31.533775503991","72669684","L","48","405","950200","1024"
"372620","3636 NW 63rd St, Oklahoma City, OK, 73116","Match","Exact","3636 NW 63RD ST, OKLAHOMA CITY, OK, 73116","-97.582463206335,35.536745219019","100393172","L","40","109","106608","1024"
"672683","50 North 11th Street, Beaumont, TX, 77702","Match","Exact","50 N 11TH ST, BEAUMONT, TX, 77702","-94.129614933055,30.079881227637","73898239","R","48","245","001200","1044"
"672684","1531 HIGHWAY 380 BYPASS, GRAHAM, TX, 76450","Match","Non_Exact","1531 US HWY 380, GRAHAM, TX, 76450","-98.568381470917,33.117315232732","640064725","R","48","503","950401","1034"
"672685","1111 W Airport Freeway, IRVING, TX, 75062","Match","Exact","1111 W AIRPORT FWY, IRVING, TX, 75062","-96.959703920887,32.837336296181","638382131","R","48","113","014315","2008"
"672686","14800 WESTHEIMER ROAD, HOUSTON, TX, 77082","Match","Exact","14800 WESTHEIMER RD, HOUSTON, TX, 77082","-95.647064516872,29.735644920243","96618673","L","48","201","454400","1016"
"502528","1116 E Westview Court, SPOKANE, WA, 99218","Match","Exact","1116 E WESTVIEW CT, SPOKANE, WA, 99218","-117.394008517836,47.745664626545","623587516","R","53","063","011203","3008"
"502529","847 A East Broadway Ave, MOSES LAKE, WA, 98837","Match","Non_Exact","847 E BROADWAY AVE, MOSES LAKE, WA, 98837","-119.26926100374,47.135831368624","650373957","R","53","025","011002","2010"
"502524","9105 HIGHWAY 99  STE 102, VANCOUVER, WA, 98665","Match","Non_Exact","9105 NE HWY 99, VANCOUVER, WA, 98665","-122.65942131844,45.68780910338","648929387","R","53","011","040809","2003"
"502525","125 16TH AVE E, FL 5CSB, SEATTLE, WA, 98112","Match","Exact","125 16TH AVE E, SEATTLE, WA, 98112","-122.311522655785,47.618700519946","186587655","L","53","033","007600","3009"
"502526","21851 84th Ave S, KENT, WA, 98032","Match","Exact","21851 84TH AVE S, KENT, WA, 98032","-122.228087123837,47.406188990587","652989431","R","53","033","029206","1043"
"502527","610 S SHERMAN AVE SUITE 101, SPOKANE, WA, 99202","Match","Non_Exact","610 S SHERMAN ST, SPOKANE, WA, 99202","-117.40320526926,47.650755279223","189877192","R","53","063","003200","1005"
"502531","515 N Thornton St, ABERDEEN, WA, 98520","Match","Exact","515 N THORNTON ST, ABERDEEN, WA, 98520","-123.833775843623,46.975201696723","180582051","L","53","027","001200","1010"
"502532","1476 OLNEY AVE SE, PORT ORCHARD, WA, 98366","Match","Exact","1476 OLNEY AVE SE, PORT ORCHARD, WA, 98366","-122.609712219122,47.53428594029","619734740","L","53","035","092500","2006"
"502533","800 JASMINE ST. SUITE 1, OMAK, WA, 98841","Match","Exact","800 JASMINE ST, OMAK, WA, 98841","-119.545017977529,48.397137082654","157345008","L","53","047","970602","4041"
"502534","802 30th Ave SW, PUYALLUP, WA, 98373","Match","Exact","802 30TH AVE SW, PUYALLUP, WA, 98373","-122.303021571204,47.163017424656","184634934","R","53","053","071206","5001"
"502530","3406 12th Ave NE, OLYMPIA, WA, 98506","Match","Exact","3406 12TH AVE NE, OLYMPIA, WA, 98506","-122.846528612709,47.05500471238","180969727","L","53","067","012223","1004"
"672690","1447 HWY 6, SUGAR LAND, TX, 77478","Match","Non_Exact","1447 STATE HWY 6, SUGAR LAND, TX, 77479","-95.632193420871,29.602041883183","637956843","R","48","157","672100","1001"
"672691","12249 ROJAS DRIVE, EL PASO, TX, 79936","Match","Exact","12249 ROJAS DR, EL PASO, TX, 79936","-106.287411071016,31.710286027759","189404094","L","48","141","010338","1016"
"672692","715 N. AMERICAS AVE., EL PASO, TX, 79907","Match","Exact","715 N AMERICAS AVE, EL PASO, TX, 79907","-106.297339082194,31.688229432165","618941364","R","48","141","004004","3017"
"672693","12051 WESTPARK DRIVE, HOUSTON, TX, 77082","Match","Exact","12051 WESTPARK DR, HOUSTON, TX, 77082","-95.591307987984,29.724451926886","642188396","R","48","201","452101","2004"
"452333","6621 FANNIN STREET STE 610, HOUSTON, TX, 77030","Match","Exact","6621 FANNIN ST, HOUSTON, TX, 77030","-95.40141348495,29.708926381281","637941969","L","48","201","313102","1033"
"672698","1107 SOLDIERS FIELD Drive, SUGAR LAND, TX, 77479","Match","Exact","1107 SOLDIERS FIELD DR, SUGAR LAND, TX, 77479","-95.637604186488,29.60245449695","78329997","R","48","157","673902","1001"
"672699","19502 MCKAY Dr., HUMBLE, TX, 77338","Match","Non_Exact","19502 MCKAY BLVD, HUMBLE, TX, 77338","-95.275490484483,29.999474096769","96663261","R","48","201","241501","3005"
"372610","5230 S MINGO RD, TULSA, OK, 74146","Match","Exact","5230 S MINGO RD, TULSA, OK, 74146","-95.868657849819,36.088566585383","166455340","R","40","143","006907","1000"
"672694","4112 W SPRING CREEK PARKWAY, PLANO, TX, 75024","Match","Exact","4112 W SPRING CREEK PKWY, PLANO, TX, 75024","-96.773777363955,33.056106108564","210506073","L","48","085","031675","1001"
"672696","301 EAST AIRLINE ROAD, VICTORIA, TX, 77901","Match","Exact","301 E AIRLINE RD, VICTORIA, TX, 77901","-97.002986841785,28.820038845648","44558876","R","48","469","000601","2000"
"372616","3727 NW 63rd, Oklahoma City, OK, 73116","Match","Non_Exact","3727 NW 63RD ST, OKLAHOMA CITY, OK, 73116","-97.583974060844,35.536876308987","100388985","R","40","109","106608","1021"
"502517","135 Avery St, Walla Walla, WA, 99362","Match","Exact","135 AVERY ST, WALLA WALLA, WA, 99362","-118.3602019582,46.057414352149","174687754","R","53","071","920600","1014"
"372615","3012 NW 150TH ST, OKLAHOMA CITY, OK, 73134","Match","Exact","3012 NW 150TH ST, OKLAHOMA CITY, OK, 73134","-97.569235753836,35.623667941214","652822969","L","40","109","108534","2000"
"502518","6600 West Rio Grande Avenue, KENNEWICK, WA, 99336","Match","Exact","6600 W RIO GRANDE AVE, KENNEWICK, WA, 99336","-119.208677076997,46.223034023486","633077646","R","53","005","010901","2030"
"372618","3727 NW 63rd St, Oklahoma City, OK, 73116","Match","Exact","3727 NW 63RD ST, OKLAHOMA CITY, OK, 73116","-97.583974060844,35.536876308987","100388985","R","40","109","106608","1021"
"502519","6111 Lakewood Towne CTR BLVD SW, Lakewood, WA, 98499","Match","Exact","6111 LAKEWOOD TOWNE CTR BLVD SW, LAKEWOOD, WA, 98499","-122.508784524252,47.165260478716","658281532","L","53","053","071901","1034"
"372617","3100 SE 29th Street, Del City, OK, 73115","Match","Exact","3100 SE 29TH ST, DEL CITY, OK, 73115","-97.458872247608,35.435189195623","606187692","R","40","109","107801","4008"
"502513","1015 S 348TH ST, FEDERAL WAY, WA, 98003","Match","Exact","1015 S 348TH ST, FEDERAL WAY, WA, 98003","-122.321357639855,47.289801699898","239768059","R","53","033","030304","3005"
"372611","6917 N MAY AVE, OKLAHOMA CITY, OK, 73116","Match","Exact","6917 N MAY AVE, OKLAHOMA CITY, OK, 73116","-97.56575171829,35.541223833987","100393421","L","40","109","106609","1016"
"502514","3220 PICARD PLACE, SUNNYSIDE, WA, 98944","Match","Exact","3220 PICARD PL, SUNNYSIDE, WA, 98944","-119.977851696435,46.308692680991","184965926","L","53","077","001801","2014"
"372614","215 S BRADY ST, CLAREMORE, OK, 74017","Match","Exact","215 S BRADY ST, CLAREMORE, OK, 74017","-95.631121477738,36.317358000072","20695215","L","40","131","050105","3002"
"372613","9310 EAST 91st STREET, TULSA, OK, 74133","Match","Exact","9310 E 91ST ST, TULSA, OK, 74133","-95.873458201756,36.031818441859","166462512","R","40","143","007630","2000"
"502516","11327 NE 120TH ST, KIRKLAND, WA, 98034","Match","Exact","11327 NE 120TH ST, KIRKLAND, WA, 98034","-122.190125859316,47.707542167657","186689865","R","53","033","022005","2004"
"502520","1501 WEST VALLEY HIGHWAY N, AUBURN, WA, 98001","Match","Exact","1501 W VALLEY HWY N, AUBURN, WA, 98001","-122.249923270413,47.322582437536","186652985","L","53","033","029902","3005"
"502521","21309 44TH AVE W, MOUNTLAKE TERRACE, WA, 98043","Match","Exact","21309 44TH AVE W, MOUNTLAKE TERRACE, WA, 98043","-122.292264888846,47.805501948809","608924387","L","53","061","051929","2009"
"502522","13118 NE Fourth Street, Vancouver, WA, 98684","Match","Exact","13118 NE 4TH ST, VANCOUVER, WA, 98684","-122.540570902148,45.623194219813","158352112","L","53","011","041337","1011"
"502523","12901 20th Ave South, SeaTac, WA, 98168","Match","Exact","12901 20TH AVE S, SEATAC, WA, 98168","-122.307560702068,47.487804758055","650027463","R","53","033","027300","4005"
"372619","2201 N Glade Ave, Bethany, OK, 73008","Match","Exact","2201 N GLADE AVE, BETHANY, OK, 73008","-97.645535817419,35.491478911501","100389543","L","40","109","106910","2000"
"372520","5419 S WESTERN, OKLAHOMA CITY, OK, 73109","Match","Non_Exact","5419 S WESTERN AVE, OKLAHOMA CITY, OK, 73109","-97.530271238867,35.411789659328","100406445","R","40","109","107219","1007"
"372522","2635 W ELK AVE, DUNCAN, OK, 73533","Match","Exact","2635 W ELK AVE, DUNCAN, OK, 73533","-97.98163615313,34.521675602566","13677667","R","40","137","000101","1010"
"372527","1818 W LINDSEY ST, NORMAN, OK, 73069","Match","Exact","1818 W LINDSEY ST, NORMAN, OK, 73069","-97.46952489993,35.203857722289","240936270","L","40","027","201103","1001"
"372529","309 E GRAHAM AVE, PRYOR, OK, 74361","Match","Exact","309 E GRAHAM AVE, PRYOR, OK, 74361","-95.315555416971,36.307454159178","58798608","R","40","097","040100","3017"
"372523","EISENHOWER SQUARE, LAWTON, OK, 73505","No_Match"
"452757","8900 EMMETT F. LOWRY EXP, TEXAS CITY, TX, 77591","Match","Exact","8900 EMMETT F LOWRY EXPY, TEXAS CITY, TX, 77591","-95.01424025131,29.400349196409","657300189","R","48","167","721901","1007"
"452758","1211 East Cliff Drive, EL PASO, TX, 79902","Match","Exact","1211 E CLIFF DR, EL PASO, TX, 79902","-106.486567701478,31.775989598825","189341142","L","48","141","002201","1017"
"452755","11621 KATY FREEWAY, HOUSTON, TX, 77079","Match","Exact","11621 KATY FWY, HOUSTON, TX, 77079","-95.588667410539,29.78409532735","657542191","L","48","201","450200","1003"
"452753","602 HWY 6 SOUTH, MARLIN, TX, 76661","No_Match"
"452754","3567 PALMER HWY, TEXAS CITY, TX, 77590","Match","Exact","3567 PALMER HWY, TEXAS CITY, TX, 77590","-94.949684434475,29.395270705518","96731027","L","48","167","721902","2008"
"452751","3710 FM 1889, Robstown, TX, 78380","No_Match"
"452752","4121 DENTON HWY, HALTOM CITY, TX, 76117","Match","Exact","4121 DENTON HWY, HALTOM CITY, TX, 76117","-97.264482390176,32.825564096218","101862364","L","48","439","110103","2008"
"452750","2254 HOLCOMBE BLVD, HOUSTON, TX, 77030","Match","Exact","2254 HOLCOMBE BLVD, HOUSTON, TX, 77030","-95.385464896089,29.705946562408","96353432","R","48","201","314001","2000"
"372511","7221 E RENO AVE, MIDWEST CITY, OK, 73110","Match","Exact","7221 E RENO AVE, MIDWEST CITY, OK, 73110","-97.40126210679,35.464129313844","100414398","L","40","109","108007","4012"
"372516","1710 N 9TH ST, BROKEN ARROW, OK, 74012","Match","Exact","1710 N 9TH ST, BROKEN ARROW, OK, 74012","-95.779540385877,36.075734726262","639265555","R","40","143","009020","1018"
"372518","319 SW 59TH STREET, OKLAHOMA CITY, OK, 73109","Match","Exact","319 SW 59TH ST, OKLAHOMA CITY, OK, 73109","-97.518320511332,35.40627370142","100406744","R","40","109","107225","2000"
"372513","4409 N KICKAPOO AVE SUITE 113, SHAWNEE, OK, 74804","Match","Non_Exact","4409 N KICKAPOO ST, SHAWNEE, OK, 74804","-96.929719964393,35.374879261066","100592150","R","40","125","500700","3002"
"372512","1373 E BOONE ST, TAHLEQUAH, OK, 74464","Match","Exact","1373 E BOONE ST, TAHLEQUAH, OK, 74464","-94.950891807611,35.91264613434","53635239","L","40","021","978100","2045"
"372515","7800 NW 23RD ST STE A, BETHANY, OK, 73008","Match","Non_Exact","7800 NW 23RD ST, BETHANY, OK, 73008","-97.650470552263,35.493255063104","606161437","L","40","109","106910","2003"
"372514","202 E BLUE STARR DR, CLAREMORE, OK, 74017","Match","Exact","202 E BLUE STARR DR, CLAREMORE, OK, 74017","-95.603550329336,36.321897291454","20683034","R","40","131","050201","1036"
"452748","633 Stone Ave, PARIS, TX, 75460","No_Match"
"452749","10737 GATEWAY W STE 100, EL PASO, TX, 79935","Match","Non_Exact","10737 GATEWAY BLVD W, EL PASO, TX, 79935","-106.340852375053,31.750299666033","189405849","L","48","141","004312","4003"
"452747","1313 SE MILITARY DR, SAN ANTONIO, TX, 78214","Match","Exact","1313 SE MILITARY DR, SAN ANTONIO, TX, 78214","-98.477343168133,29.354149673183","637823110","L","48","029","150800","2022"
"452744","3110 H G Mosley Pkwy, Longview, TX, 75605","Match","Non_Exact","3110 H G MOSELEY PKWY, LONGVIEW, TX, 75605","-94.745506286334,32.527029620761","657793410","R","48","183","000402","3005"
"452745","4901 E SAM HOUSTON PKWY S, PASADENA, TX, 77505","Match","Exact","4901 E SAM HOUSTON PKWY S, PASADENA, TX, 77505","-95.16307976683,29.636589230187","657260378","L","48","201","342002","1005"
"452742","1905 NW FRONTAGE RD, BEEVILLE, TX, 78102","No_Match"
"452743","27720 A TOMBALL PKY, TOMBALL, TX, 77375","Match","Non_Exact","27720 TOMBALL PKWY, TOMBALL, TX, 77375","-95.628712517585,30.077886902611","657498194","R","48","201","555404","2002"
"452740","1305 N OAK ST, PEARSALL, TX, 78061","Match","Exact","1305 N OAK ST, PEARSALL, TX, 78061","-99.092029758626,28.902821411907","657946973","L","48","163","950101","2034"
"452741","1382 LOMALAND DR, EL PASO, TX, 79935","Match","Exact","1382 LOMALAND DR, EL PASO, TX, 79935","-106.327671542022,31.748895453237","189348823","R","48","141","004313","2007"
"452780","9980 WEST SAM HOUSTON PKWY SOUTH, HOUSTON, TX, 77099","Match","Non_Exact","9980 SAM HOUSTON PKWY, HOUSTON, TX, 77099","-95.560864810895,29.671680134525","96603497","R","48","201","453300","1001"
"452781","11701 TOEPPERWEIN RD, LIVE OAK, TX, 78233","Match","Exact","11701 TOEPPERWEIN RD, LIVE OAK, TX, 78233","-98.340952974255,29.544226792578","101702096","L","48","029","121501","4000"
"372544","1320 W VANDAMENT AVE, YUKON, OK, 73099","Match","Exact","1320 W VANDAMENT AVE, YUKON, OK, 73099","-97.76368473984,35.49333867406","92548289","L","40","017","301302","3000"
"372540","3107 NW 50th st, OKLAHOMA CITY, OK, 73112","Match","Exact","3107 NW 50TH ST, OKLAHOMA CITY, OK, 73112","-97.570604827589,35.52218499608","100395998","R","40","109","106611","2004"
"372549","2316 W SHAWNEE ST, MUSKOGEE, OK, 74401","Match","Exact","2316 W SHAWNEE ST, MUSKOGEE, OK, 74401","-95.390233538779,35.770064489052","91959313","L","40","101","000200","2005"
"372546","1124 S SAINT LOUIS AVE, TULSA, OK, 74120","Match","Exact","1124 S SAINT LOUIS AVE, TULSA, OK, 74120","-95.971087833602,36.147073583605","639331618","R","40","143","003400","1002"
"372545","81143 HWY 59, STILWELL, OK, 74960","No_Match"
"372548","201 S DELAWARE AVE, OKMULGEE, OK, 74447","Match","Exact","201 S DELAWARE AVE, OKMULGEE, OK, 74447","-95.966618098241,35.622304238959","605467725","R","40","111","000300","3036"
"372547","2510 N MAIN, MIAMI, OK, 74354","Match","Non_Exact","2510 N MAIN ST, MIAMI, OK, 74354","-94.877438368798,36.905614742348","657432881","R","40","115","574300","2004"
"452779","1499 E OLD SETTLERS BLVD, ROUND ROCK, TX, 78664","Match","Exact","1499 E OLD SETTLERS BLVD, ROUND ROCK, TX, 78664","-97.668720740462,30.5387349906","126475913","L","48","491","021502","3000"
"452777","805 CAMDEN ST, SAN ANTONIO, TX, 78215","Match","Exact","805 CAMDEN ST, SAN ANTONIO, TX, 78215","-98.487271164434,29.437480374291","101526234","L","48","029","111100","4058"
"452778","3819 CARTWRIGHT RD, MISSOURI CITY, TX, 77459","Match","Exact","3819 CARTWRIGHT RD, MISSOURI CITY, TX, 77459","-95.565155949832,29.582413918082","227759227","L","48","157","671502","1015"
"452776","3101 NORTH 4TH ST, LONGVIEW, TX, 75605","Match","Exact","3101 N 4TH ST, LONGVIEW, TX, 75605","-94.730165262277,32.536269313188","639525894","L","48","183","000300","1009"
"452773","655 West Illinois AVE STE 701, DALLAS, TX, 75224","Match","Exact","655 W ILLINOIS AVE, DALLAS, TX, 75224","-96.833631531447,32.720496702589","103265715","R","48","113","006200","3044"
"452774","1724 W US HIGHWAY 82 STE 100, SHERMAN, TX, 75092","Match","Non_Exact","1724 W HWY 82, SHERMAN, TX, 75092","-96.633041608422,33.670593608624","617945051","L","48","181","000904","1010"
"452772","2625 S LOOP 35 STE 154, ALVIN, TX, 77511","Match","Exact","2625 S LOOP 35, ALVIN, TX, 77511","-95.244404832323,29.399980012618","656192275","R","48","039","661602","2004"
"372531","1601 W 2ND ST, ELK CITY, OK, 73644","Match","Exact","1601 W 2ND ST, ELK CITY, OK, 73644","-99.42322884726,35.412837079894","649960932","R","40","009","966200","4042"
"372530","925 NE EIGHTH ST, OKLAHOMA CITY, OK, 73104","Match","Exact","925 NE 8TH ST, OKLAHOMA CITY, OK, 73104","-97.49656116278,35.475979836508","100403388","L","40","109","109600","1002"
"372533","3807 N HARRISON, SHAWNEE, OK, 74804","Match","Non_Exact","3807 N HARRISON ST, SHAWNEE, OK, 74804","-96.91198823089,35.369096563021","655441240","R","40","125","500800","1006"
"372532","810 NW 10TH  STE B, OKLAHOMA CITY, OK, 73106","Match","Non_Exact","810 NW 10TH ST, OKLAHOMA CITY, OK, 73106","-97.525822475867,35.47869744918","100401973","L","40","109","102500","3010"
"372539","200 NE 50TH ST, OKLAHOMA CITY, OK, 73105","Match","Exact","200 NE 50TH ST, OKLAHOMA CITY, OK, 73105","-97.507638023299,35.522256369312","100400946","R","40","109","105101","4001"
"372538","8260 S LEWIS, TULSA, OK, 74137","Match","Non_Exact","8260 S LEWIS AVE, TULSA, OK, 74137","-95.957868664282,36.042859880668","166475011","R","40","143","007650","2003"
"372536","2111 DENVER HARNER DR, MIAMI, OK, 74354","Match","Exact","2111 DENVER HARNER DR, MIAMI, OK, 74354","-94.859410598801,36.898199725356","56291213","L","40","115","574600","4037"
"452768","2001 E BOWIE AVE, CROCKETT, TX, 75835","No_Match"
"452769","1250 Dacy Lane, KYLE, TX, 78640","Match","Exact","1250 DACY LN, KYLE, TX, 78640","-97.85132008573,30.006871894497","641083526","R","48","209","010916","2000"
"452767","5406 SOUTH JACKSON ROAD, EDINBURG, TX, 78539","Match","Non_Exact","5406 N JACKSON RD, EDINBURG, TX, 78539","-98.195319137649,26.250537481899","657038958","L","48","215","023906","2009"
"452764","3902 S. Jackson Rd., EDINBURG, TX, 78539","Match","Exact","3902 S JACKSON RD, EDINBURG, TX, 78539","-98.192327496838,26.268248463582","627882069","L","48","215","023906","4022"
"452765","205 22nd Street, HONDO, TX, 78861","Match","Exact","205 22ND ST, HONDO, TX, 78861","-99.128866813409,29.345496088912","656149763","R","48","325","000302","3004"
"452762","9110 JONES RD, HOUSTON, TX, 77065","No_Match"
"452763","3730 DRYDEN RD, PORT ARTHUR, TX, 77642","Match","Exact","3730 DRYDEN RD, PORT ARTHUR, TX, 77642","-93.92139805242,29.909148528967","73864254","R","48","245","006500","3015"
"452760","2545 PERRYTON PKY STE E1, PAMPA, TX, 79065","Match","Exact","2545 PERRYTON PKWY, PAMPA, TX, 79065","-100.967543292139,35.566234572688","182366972","L","48","179","950100","2186"
"452761","403 W GRAND PKWY S, KATY, TX, 77494","No_Match"
"372564","2 E CLARK BASS BLVD #101, MCALESTER, OK, 74501","Match","Non_Exact","2 CLARK BASS BLVD, MCALESTER, OK, 74501","-95.750616191503,34.934290158375","106310755","R","40","121","486100","3022"
"372566","3371 W BROADWAY, MUSKOGEE, OK, 74401","Tie"
"672623","6015 HILLCROFT, SUITE 3000, HOUSTON, TX, 77081","Match","Non_Exact","6015 HILLCROFT ST, HOUSTON, TX, 77081","-95.498560125539,29.716259525272","657512017","L","48","201","421205","1006"
"372565","411 WESTSIDE DR, DURANT, OK, 74701","Match","Exact","411 WESTSIDE DR, DURANT, OK, 74701","-96.405490362809,34.000444535355","62516190","R","40","013","796102","2037"
"672624","3324 East F.M. 528, FRIENDSWOOD, TX, 77546","Match","Non_Exact","3324 E FM 528 RD, FRIENDSWOOD, TX, 77546","-95.165157480987,29.522039950842","96551923","L","48","201","350801","3001"
"372560","9647 RIDGEVIEW ST, TULSA, OK, 74131","No_Match"
"372562","1561 N PORTER AVE, NORMAN, OK, 73071","Match","Exact","1561 N PORTER AVE, NORMAN, OK, 73071","-97.441023379127,35.236746904827","649821394","R","40","027","200800","3000"
"372561","150 S 31ST, CLINTON, OK, 73601","Match","Non_Exact","150 N 31ST ST, CLINTON, OK, 73601","-98.99943490816,35.514234183752","150583898","L","40","039","960401","1061"
"672629","2920 FULTON STREET, HOUSTON, TX, 77009","Match","Exact","2920 FULTON ST, HOUSTON, TX, 77009","-95.360338698296,29.788227597237","96066103","R","48","201","210400","2004"
"672625","17649 FM 1488 RD, MAGNOLIA, TX, 77354","Match","Exact","17649 FM 1488 RD, MAGNOLIA, TX, 77354","-95.742939785705,30.218265793943","640567718","R","48","339","690300","2025"
"372567","10921 EAST 81ST ST, TULSA, OK, 74133","Match","Exact","10921 E 81ST ST, TULSA, OK, 74133","-95.853969047215,36.046405202026","166510396","L","40","143","007411","1013"
"672626","1445 NORTH LOOP WEST, HOUSTON, TX, 77008","Match","Non_Exact","1445 N LOOP, HOUSTON, TX, 77022","-95.380392092751,29.814438970494","96057769","L","48","201","530300","1024"
"672627","230 NORTH WASHINGTON AVE, ODESSA, TX, 79761","Match","Exact","230 N WASHINGTON AVE, ODESSA, TX, 79761","-102.372028424046,31.84383740378","139432012","R","48","135","003100","1103"
"452719","2025 FORT WORTH HIGHWAY, WEATHERFORD, TX, 76086","Match","Exact","2025 FORT WORTH HWY, WEATHERFORD, TX, 76086","-97.745757006958,32.757021421815","611019172","L","48","367","140101","1001"
"452718","1805 POINT WEST PARKWAY, AMARILLO, TX, 79124","Match","Exact","1805 POINT WEST PKWY, AMARILLO, TX, 79124","-101.928866186445,35.194787090127","647563912","R","48","375","011700","1009"
"452715","4300 S PADRE ISLAND DR, CORPUS CHRISTI, TX, 78411","Match","Exact","4300 S PADRE ISLAND DR, CORPUS CHRISTI, TX, 78411","-97.392374824904,27.718984736593","178519990","L","48","355","002400","5004"
"452714","1203 St Claire Blvd Ste 10B, Mission, TX, 78572","Match","Exact","1203 ST CLAIRE BLVD, MISSION, TX, 78572","-98.31835646101,26.194965016818","656239629","R","48","215","020405","1003"
"452711","12221 RENFERT WAY, AUSTIN, TX, 78758","Match","Exact","12221 RENFERT WAY, AUSTIN, TX, 78758","-97.704213993991,30.411005572537","63965612","L","48","453","042200","1006"
"452710","413B LOOP 59, ATLANTA, TX, 75551","No_Match"
"372553","310 S. HIGHLAND AVE, MIDWEST CITY, OK, 73110","Match","Exact","310 S HIGHLAND AVE, MIDWEST CITY, OK, 73110","-97.408118052432,35.462893628995","606174430","L","40","109","107705","1000"
"672632","9500 NORTH CENTRAL EXPRESSWAY, DALLAS, TX, 75231","Match","Exact","9500 N CENTRAL EXPY, DALLAS, TX, 75231","-96.769597663091,32.87828970186","103241002","R","48","113","007822","2011"
"372552","1208 E HARTFORD, PONCA CITY, OK, 74601","Match","Non_Exact","1208 E HARTFORD AVE, PONCA CITY, OK, 74601","-97.069275850058,36.724016633475","115892399","L","40","071","000201","1001"
"672633","825 DALWORTH STREET, GRAND PRAIRIE, TX, 75050","Match","Exact","825 DALWORTH ST, GRAND PRAIRIE, TX, 75050","-97.014490590837,32.744516690747","102935791","L","48","113","015500","1038"
"372555","909 18TH ST, WOODWARD, OK, 73801","Match","Exact","909 18TH ST, WOODWARD, OK, 73801","-99.402308048811,36.438217852563","606497226","L","40","153","953400","2022"
"672634","4309 RIDGECREST ROAD, GREENVILLE, TX, 75402","Match","Exact","4309 RIDGECREST RD, GREENVILLE, TX, 75402","-96.125886580051,33.121109510445","42866141","L","48","231","961300","4050"
"672630","1533 HOLLY ROAD, CORPUS CHRISTI, TX, 78417","Match","Exact","1533 HOLLY RD, CORPUS CHRISTI, TX, 78417","-97.448451623624,27.733598382748","605784791","R","48","355","001702","2013"
"672631","1320 WEST OAKLAWN SUITE G & H, PLEASANTON, TX, 78064","Match","Non_Exact","1320 W OAKLAWN RD, PLEASANTON, TX, 78064","-98.498922298807,28.950477121736","24459039","L","48","013","960403","3009"
"372557","4516 SE LEE BLVD STE 108, LAWTON, OK, 73501","Match","Exact","4516 SE LEE BLVD, LAWTON, OK, 73501","-98.333403380501,34.594408530009","647741273","L","40","031","002004","1001"
"672636","481 SHILOH ROAD, SUITE 100, PLANO, TX, 75074","Match","Exact","481 SHILOH RD, PLANO, TX, 75074","-96.665160232846,33.002779651444","210478549","L","48","085","031901","1024"
"372556","1921 W SIXTH ST, BLDG B, STILLWATER, OK, 74074","Match","Non_Exact","1921 W 6TH AVE, STILLWATER, OK, 74074","-97.082393317281,36.115795698902","166360276","L","40","119","010800","2004"
"672637","1704 SOUTH CHERRY LANE, SUITE 200, WHITE SETTLEMENT, TX, 76108","Match","Exact","1704 S CHERRY LN, WHITE SETTLEMENT, TX, 76108","-97.451806351806,32.741559323178","101877683","R","48","439","110704","3004"
"372559","1200 Central St, POTEAU, OK, 74953","Match","Exact","1200 CENTRAL ST, POTEAU, OK, 74953","-94.620201463719,35.063539133592","79899532","R","40","079","040401","1051"
"672638","2346 Greencrest Blvd, Rockwall, TX, 75087","Match","Exact","2346 GREENCREST BLVD, ROCKWALL, TX, 75087","-96.460471399033,32.902481096138","657768557","R","48","397","040304","1006"
"372558","121 W OWEN K GARRIOTT, ENID, OK, 73701","Match","Non_Exact","121 W OWEN K GARRIOTT RD, ENID, OK, 73701","-97.878669922745,36.390807696823","154083632","L","40","047","000601","2000"
"672639","387 INTERSTATE 10 W, FORT STOCKTON, TX, 79735","Match","Non_Exact","387 E 10TH ST, FORT STOCKTON, TX, 79735","-102.876072426429,30.894032699738","184256415","R","48","371","950300","1042"
"452708","233 Interstate 45 North, CONROE, TX, 77304","Match","Non_Exact","233 I- 45 FRONTAGE RD, CONROE, TX, 77304","-95.468122777076,30.306292580507","657301157","R","48","339","693401","1025"
"452709","12121 WESTHEIMER  RD   STE 245, HOUSTON, TX, 77077","Match","Exact","12121 WESTHEIMER RD, HOUSTON, TX, 77077","-95.593290817663,29.736226698571","657208210","R","48","201","452002","3000"
"452707","7200 GATEWAY BLVD E, EL PASO, TX, 79915","Match","Exact","7200 GATEWAY BLVD E, EL PASO, TX, 79915","-106.371060669708,31.768074908982","189374141","R","48","141","004202","5000"
"452702","9840 NORTH CENTRAL EXPRESSWAY, DALLAS, TX, 75231","Match","Exact","9840 N CENTRAL EXPY, DALLAS, TX, 75231","-96.769667556108,32.881965552353","103205557","R","48","113","007822","2007"
"452703","8101 BROOKRIVER DRIVE, DALLAS, TX, 75247","Match","Exact","8101 BROOKRIVER DR, DALLAS, TX, 75247","-96.868626752089,32.824268449216","619144182","L","48","113","010001","2037"
"372586","9913 E RENO AVE, OKLAHOMA CITY, OK, 73130","Match","Exact","9913 E RENO AVE, OKLAHOMA CITY, OK, 73130","-97.35507659346,35.464072559862","655594116","L","40","109","108009","1008"
"372585","9521 N OWASSO EXPY, OWASSO, OK, 74055","Match","Non_Exact","9521 OWASSO EXPY, OWASSO, OK, 74055","-95.845905635549,36.283501003969","658016456","R","40","143","005805","1006"
"672600","1038 US HIGHWAY 67, DUNCANVILLE, TX, 75137","Match","Non_Exact","1038 E HWY 67, DUNCANVILLE, TX, 75137","-96.887793672852,32.643971038636","102989706","R","48","113","016637","1001"
"372588","9320 E RENO AVE, OKLAHOMA CITY, OK, 73130","Match","Exact","9320 E RENO AVE, OKLAHOMA CITY, OK, 73130","-97.364055470577,35.463988435203","100416522","R","40","109","107703","1005"
"672601","604 MEDICAL COURTS, BRENHAM, TX, 77833","Match","Exact","604 MEDICAL CT, BRENHAM, TX, 77833","-96.398881677135,30.14503506633","652202773","L","48","477","170400","2051"
"372587","10205 N 110TH E AVE, OWASSO, OK, 74055","No_Match"
"672602","1730 B F TERRY BLVD, STE 1102, ROSENBERG, TX, 77471","No_Match"
"372582","2617 CROSSROADS DR, ARDMORE, OK, 73401","Match","Exact","2617 CROSSROADS DR, ARDMORE, OK, 73401","-97.163677687184,34.180114278957","14844879","R","40","019","893002","3004"
"372581","301 KATIE MICHELLE BLVD, EDMOND, OK, 73034","Match","Exact","301 KATIE MICHELLE BLVD, EDMOND, OK, 73034","-97.430984898908,35.651050806393","100436421","R","40","109","108113","1003"
"672607","400 EAST STATE HIGHWAY 243, SUITE 14, CANTON, TX, 75103","Match","Non_Exact","400 STATE HWY 243, CANTON, TX, 75103","-95.870724068043,32.543729792382","656281952","L","48","467","950700","3001"
"672608","2390 E 29TH STREET, BRYAN, TX, 77802","Match","Exact","2390 E 29TH ST, BRYAN, TX, 77802","-96.34905819919,30.657946205416","21815376","L","48","041","000800","5024"
"672603","1102 F.M. 3036, ROCKPORT, TX, 78382","Match","Non_Exact","1102 FM 3036, ROCKPORT, TX, 78382","-97.044158292467,28.061372419609","83246996","L","48","007","950302","2005"
"372589","102 CRESTVIEW DR, HOLDENVILLE, OK, 74848","Match","Exact","102 CRESTVIEW DR, HOLDENVILLE, OK, 74848","-96.377147057447,35.088538216081","107320594","L","40","063","484900","1016"
"672604","24006 HIGHWAY 59 NORTH, KINGWOOD, TX, 77339","No_Match"
"672606","2242 CHAMPIONSHIP DRIVE, SEALY, TX, 77474","Match","Exact","2242 CHAMPIONSHIP DR, SEALY, TX, 77474","-96.177930972345,29.766075089382","656109457","R","48","015","760302","2028"
"452739","3650 N BUCKNER BLVD 108, DALLAS, TX, 75228","No_Match"
"452737","2945 CENTRAL BLVD, BROWNSVILLE, TX, 78520","Match","Exact","2945 CENTRAL BLVD, BROWNSVILLE, TX, 78520","-97.507639870022,25.945531107772","89999041","L","48","061","012900","2005"
"452738","6830 CAPITOL ST, HOUSTON, TX, 77011","Match","Exact","6830 CAPITOL ST, HOUSTON, TX, 77011","-95.306195941763,29.735438126148","96082991","R","48","201","310900","4021"
"452735","4112 S STAPLES STE AB, CORPUS CHRISTI, TX, 78411","Match","Non_Exact","4112 S STAPLES ST, CORPUS CHRISTI, TX, 78411","-97.380650319,27.728787488065","178521116","L","48","355","002500","4007"
"452736","204 EAST AIRPORT FREEWAY, IRVING, TX, 75062","Match","Exact","204 E AIRPORT FWY, IRVING, TX, 75062","-96.943737767773,32.836632153483","658510550","R","48","113","014602","1006"
"452733","208 Live Oak Way, Floresville, TX, 78114","No_Match"
"452734","1406 NORTH SARAH DEWITT DR, GONZALES, TX, 78629","Match","Exact","1406 N SARAH DEWITT DR, GONZALES, TX, 78629","-97.446534224638,29.520750407867","44509601","R","48","177","000300","2003"
"372591","4800 W SAN ANTONIO ST STE 201, BROKEN ARROW, OK, 74012","Match","Exact","4800 W SAN ANTONIO ST, BROKEN ARROW, OK, 74012","-95.850061303871,36.037157537606","166499969","R","40","143","007518","2002"
"452731","202 East Ft. Worth, St., CLEVELAND, TX, 77327","Match","Exact","202 E FORT WORTH ST, CLEVELAND, TX, 77327","-95.089978645643,30.337421028309","24101986","L","48","291","700303","2022"
"452732","910 GUADALUPE ST SUITE B, LAREDO, TX, 78040","Match","Non_Exact","910 GUADALUPE ST, LAREDO, TX, 78040","-99.487433961429,27.506624547735","21672522","L","48","479","000200","1009"
"372575","414 SE 11TH, ANADARKO, OK, 73005","No_Match"
"672610","2014 S WHEELER ST STE 300, JASPER, TX, 75951","Match","Exact","2014 S WHEELER ST, JASPER, TX, 75951","-93.992747919536,30.895546528038","656311108","R","48","241","950300","3022"
"372574","924 SW 38TH ST, LAWTON, OK, 73505","Match","Exact","924 SW 38TH ST, LAWTON, OK, 73505","-98.43963337954,34.599618723709","15023657","L","40","031","001500","1013"
"372577","13901 MCAULEY BLVD, STE 102, OKLAHOMA CITY, OK, 73134","Match","Exact","13901 MCAULEY BLVD, OKLAHOMA CITY, OK, 73134","-97.598120559239,35.611542649695","606066771","L","40","109","108534","2030"
"672612","6886 HIGHWAY 6 SOUTH, HOUSTON, TX, 77083","Match","Non_Exact","6886 STATE HWY 6, HOUSTON, TX, 77083","-95.64393980745,29.700778467092","96607984","L","48","201","454000","2000"
"672613","7505 S MAIN ST, HOUSTON, TX, 77030","Match","Non_Exact","7505 MAIN ST, HOUSTON, TX, 77030","-95.410161547348,29.699680514661","639533004","L","48","201","412202","1015"
"372571","10301 GREENBRIAR PKWY, OKLAHOMA CITY, OK, 73159","Match","Exact","10301 GREENBRIAR PKWY, OKLAHOMA CITY, OK, 73159","-97.544540007888,35.36510747729","99930693","L","40","027","201902","2005"
"372570","5147 S GARNETT RD STE C, TULSA, OK, 74146","Match","Non_Exact","5147 S GARNETT RD, TULSA, OK, 74146","-95.850966258465,36.088111373397","166504160","L","40","143","009019","1007"
"372573","324 NW J.A. RICHARDSON LOOP, ADA, OK, 74820","No_Match"
"372572","228 S 29TH ST, CHICKASHA, OK, 73018","Match","Exact","228 S 29TH ST, CHICKASHA, OK, 73018","-97.970387335016,35.049410175525","15243219","L","40","051","000600","1012"
"672618","2850 RIDGE ROAD, ROCKWALL, TX, 75032","Match","Exact","2850 RIDGE RD, ROCKWALL, TX, 75032","-96.471269783474,32.892624680699","123785027","L","48","397","040503","1002"
"372579","1059 SE 82nd ST, OKLAHOMA CITY, OK, 73149","Match","Exact","1059 SE 82ND ST, OKLAHOMA CITY, OK, 73149","-97.493845922234,35.384499484651","100407849","L","40","109","107303","2037"
"672614","1915 S COULTER STREET, AMARILLO, TX, 79106","Match","Non_Exact","1915 COULTER ST, AMARILLO, TX, 79106","-101.920685807894,35.192848014114","182479372","R","48","375","011700","1046"
"672615","3314 LONGMIRE DRIVE, COLLEGE STATION, TX, 77845","Match","Exact","3314 LONGMIRE DR, COLLEGE STATION, TX, 77845","-96.289603130264,30.586362877437","21823095","R","48","041","001801","1021"
"672616","757 WEST COURT, SEGUIN, TX, 78155","Match","Non_Exact","757 W COURT ST, SEGUIN, TX, 78155","-97.9749968832,29.569289005911","54827167","R","48","187","210300","2003"
"672617","3100 W 2ND STREET, TAYLOR, TX, 76574","Match","Exact","3100 W 2ND ST, TAYLOR, TX, 76574","-97.439448559102,30.566885748234","637908302","L","48","491","020808","2040"
"452728","1425 BLALOCK STE 100, HOUSTON, TX, 77055","Match","Non_Exact","1425 BLALOCK RD, HOUSTON, TX, 77055","-95.523387123849,29.796012285713","96029481","L","48","201","522301","1000"
"452727","2800 S IH 35 SUITE 120, AUSTIN, TX, 78704","No_Match"
"452722","626 MERIDA, SAN ANTONIO, TX, 78207","Match","Non_Exact","626 MERIDA ST, SAN ANTONIO, TX, 78207","-98.527756695035,29.408788246876","636383848","L","48","029","160100","4038"
"372580","480 EUNICE BURNS RD, EUFAULA, OK, 74432","No_Match"
"452720","7281 Alameda Ave, El Paso, TX, 79905","Match","Non_Exact","7281 ALAMEDA AVE, EL PASO, TX, 79915","-106.383214740814,31.746438348558","189346652","L","48","141","003702","1000"
"052579","227 W. Janss Road, Suite 115, Thousand Oaks, CA, 91360","Match","Exact","227 W JANSS RD, THOUSAND OAKS, CA, 91360","-118.883431045058,34.206347849204","645818112","R","06","111","006600","2022"
"052578","1781 Santa Clara Drive, ROSEVILLE, CA, 95661","Match","Exact","1781 SANTA CLARA DR, ROSEVILLE, CA, 95661","-121.262173888211,38.746772785911","106765307","L","06","061","020717","1039"
"052572","2121 ALEXIAN DRIVE, SAN JOSE, CA, 95116","Match","Exact","2121 ALEXIAN DR, SAN JOSE, CA, 95116","-121.847529801085,37.359839991238","122911851","L","06","085","503712","1000"
"052571","32930 ALVARADO-NILES ROAD #300, UNION CITY, CA, 94587","Match","Exact","32930 ALVARADO NILES RD, UNION CITY, CA, 94587","-122.045771493488,37.59407890517","606218209","L","06","001","440301","3002"
"052576","7927 Ostrow Street, Suite A, San Diego, CA, 92111","Match","Non_Exact","7927 OSTROW ST, SAN DIEGO, CA, 92111","-117.154629755929,32.813217517448","195306372","R","06","073","008511","2033"
"552892","31001 Rancho Viejo Rd Ste 100, San Juan Capistrano, CA, 92675","No_Match"
"552891","1382 Locust St, Pasadena, CA, 91106","Match","Exact","1382 LOCUST ST, PASADENA, CA, 91106","-118.12168100156,34.150615390578","141629127","R","06","037","462302","3006"
"052574","9041 Imperial Hwy., Downey, CA, 90242","Match","Exact","9041 IMPERIAL HWY, DOWNEY, CA, 90242","-118.13603596852,33.917083386806","142773595","L","06","037","551101","1009"
"552890","15060 Imperial Hwy, La Mirada, CA, 90638","Match","Non_Exact","15060 E IMPERIAL HWY, LA MIRADA, CA, 90638","-118.010031546801,33.917052636681","241247192","R","06","037","503602","2013"
"552885","6850 San Fernando Rd, Glendale, CA, 91201","Match","Exact","6850 SAN FERNANDO RD, GLENDALE, CA, 91201","-118.297617597949,34.17283695733","141596245","R","06","037","301601","1002"
"552884","8319 Alondra Blvd, Paramount, CA, 90723","Match","Exact","8319 ALONDRA BLVD, PARAMOUNT, CA, 90723","-118.153994153104,33.889340720636","241147413","L","06","037","553901","3007"
"552883","21608 S Vermont Ave, Torrance, CA, 90502","Match","Exact","21608 S VERMONT AVE, TORRANCE, CA, 90502","-118.290231990967,33.832562377434","655793748","L","06","037","543503","2001"
"552889","14101 Francisquito Ave, Baldwin Park, CA, 91706","Match","Exact","14101 FRANCISQUITO AVE, BALDWIN PARK, CA, 91706","-117.968351433624,34.064421838608","657254308","L","06","037","404806","1010"
"552888","3716 GEARY BLVD., SAN FRANCISCO, CA, 94118","Match","Exact","3716 GEARY BLVD, SAN FRANCISCO, CA, 94118","-122.459114443327,37.781373940667","192281898","R","06","075","040100","3000"
"552886","16423 Sierra Lakes Pkwy, Fontana, CA, 92336","Match","Exact","16423 SIERRA LAKES PKWY, FONTANA, CA, 92336","-117.44704449021,34.137908396791","614814577","L","06","071","002708","1017"
"052569","8275 Bruceville Rd., Sacramento, CA, 95823","Match","Exact","8275 BRUCEVILLE RD, SACRAMENTO, CA, 95823","-121.417612913574,38.457619953267","642585050","L","06","067","009608","2003"
"322310","2211 LOMAS BLVD NE BOX 256, ALBUQUERQUE, NM, 87106","Match","Exact","2211 LOMAS BLVD NE, ALBUQUERQUE, NM, 87106","-106.616417967035,35.087534016264","637694757","L","35","001","001800","1011"
"372597","3500 SE STATE ST, BARTLESVILLE, OK, 74006","Match","Non_Exact","3500 STATE ST, BARTLESVILLE, OK, 74006","-95.938712199458,36.753487803412","18704074","L","40","147","000400","2018"
"052568","5720 STONERIDGE MALL ROAD #160, PLEASANTON, CA, 94588","Match","Exact","5720 STONERIDGE MALL RD, PLEASANTON, CA, 94588","-121.929373645855,37.692130332306","606335703","R","06","001","450609","1022"
"372596","1013 E CLEVELAND, SAPULPA, OK, 74066","Match","Non_Exact","1013 E CLEVELAND AVE, SAPULPA, OK, 74066","-96.100697564856,35.992105395255","655315557","L","40","037","021300","1064"
"052567","830 REDWOOD STREET, VALLEJO, CA, 94590","Match","Exact","830 REDWOOD ST, VALLEJO, CA, 94590","-122.25413906654,38.122760452633","639296370","L","06","095","251802","2019"
"372598","1401 E BROADWAY, ALTUS, OK, 73522","Match","Non_Exact","1401 E BROADWAY ST, ALTUS, OK, 73521","-99.314933541416,34.63779915346","657969807","R","40","065","968500","2049"
"372592","305 South J T STITES ST, SALLISAW, OK, 74955","Match","Exact","305 S J T STITES ST, SALLISAW, OK, 74955","-94.814162314526,35.454326885004","53787262","L","40","135","030301","1041"
"372595","2845 E Skelly Dr, TULSA, OK, 74105","No_Match"
"742508","1210 Southmore Ave, PASADENA, TX, 77502","Match","Exact","1210 SOUTHMORE AVE, PASADENA, TX, 77502","-95.197323458726,29.690827251777","96611645","R","48","201","323300","1001"
"372594","1515 N HARVARD STE D, TULSA, OK, 74115","Match","Non_Exact","1515 N HARVARD AVE, TULSA, OK, 74115","-95.940214888621,36.177312748055","166445295","R","40","143","000300","3020"
"742509","400 W MEDICAL CENTER BLVD STE 125, WEBSTER, TX, 77598","Match","Non_Exact","400 E MEDICAL CENTER BLVD, WEBSTER, TX, 77598","-95.121382403215,29.544940242525","96546258","R","48","201","341102","2015"
"052561","16049 Kamana Road, Apple Valley, CA, 92307","Match","Exact","16049 KAMANA RD, APPLE VALLEY, CA, 92307","-117.271279541262,34.542801395248","144570925","R","06","071","012101","3052"
"742506","11255 Garland Rd., DALLAS, TX, 75218","Match","Exact","11255 GARLAND RD, DALLAS, TX, 75218","-96.684232839487,32.848573130972","102923062","L","48","113","012802","1031"
"052560","13352 SAN PABLO AVENUE, SAN PABLO, CA, 94806","Match","Exact","13352 SAN PABLO AVE, SAN PABLO, CA, 94806","-122.33435503856,37.954644026363","657813620","R","06","013","369001","2000"
"742507","10505 JONES RD, HOUSTON, TX, 77065","Match","Exact","10505 JONES RD, HOUSTON, TX, 77065","-95.585018019795,29.924408252193","644571746","L","48","201","552003","2008"
"742504","10502 SANDIA DR, LAREDO, TX, 78045","Match","Non_Exact","10502 SANDIA CT, LAREDO, TX, 78045","-99.482948233461,27.603453709817","617758830","R","48","479","001723","1004"
"742505","2733 1st ST, Rosenberg, TX, 77471","Match","Exact","2733 1ST ST, ROSENBERG, TX, 77471","-95.808314508443,29.539432175964","78263228","R","48","157","675200","4005"
"052565","1100 TRANCAS ST, NAPA, CA, 94558","Match","Exact","1100 TRANCAS ST, NAPA, CA, 94558","-122.296892953132,38.323421476076","67415384","R","06","055","200602","3005"
"552881","38910 Trade Center Drive, Palmdale, CA, 93551","Match","Exact","38910 TRADE CENTER DR, PALMDALE, CA, 93551","-118.142943685644,34.588381541339","141843204","L","06","037","910218","2028"
"052564","118 Hilliard Avenue, Monterey Park, CA, 91754","Match","Non_Exact","118 HILLARD AVE, MONTEREY PARK, CA, 91754","-118.123212632418,34.067425618547","141637154","L","06","037","481713","2006"
"742503","3317 ESSEX DR STE 150, RICHARDSON, TX, 75082","No_Match"
"052563","1525 PLUMAS COURT SUITE A, YUBA CITY, CA, 95991","Match","Non_Exact","1525 PLUMAS CT, YUBA CITY, CA, 95991","-121.618327352264,39.152654518891","606976714","R","06","101","050101","5001"
"742500","9340 HIGHWAY 6 STE 400, MISSOURI CITY, TX, 77459","Match","Exact","9340 STATE HWY 6, MISSOURI CITY, TX, 77459","-95.529698160925,29.537668856214","658368111","L","48","157","674508","1005"
"742501","220 S COLLINS RD, SUNNYVALE, TX, 75182","Match","Non_Exact","220 COLLINS RD, SUNNYVALE, TX, 75182","-96.561096011164,32.795253360584","102935039","R","48","113","018159","2054"
"552874","5101 White Ln, Suite A, Bakersfield, CA, 93309","Match","Non_Exact","5101 WHITE LN, BAKERSFIELD, CA, 93309","-119.059429047445,35.318051235455","109091514","L","06","029","003124","5001"
"552873","1232 S Bristol St, Santa Ana, CA, 92704","Match","Exact","1232 S BRISTOL ST, SANTA ANA, CA, 92704","-117.885213867078,33.730151164906","144043362","R","06","059","074702","3001"
"742510","4045 S. Great Southwest Parkway, GRAND PRAIRIE, TX, 75052","No_Match"
"552872","2102 Main Street, Ramona, CA, 92065","Match","Exact","2102 MAIN ST, RAMONA, CA, 92065","-116.885704042759,33.031038006038","195330327","L","06","073","020805","2053"
"552871","2661 Oswell St, Suite B, Bakersfield, CA, 93306","Match","Non_Exact","2661 OSWELL ST, BAKERSFIELD, CA, 93306","-118.949708404938,35.394583441061","109562708","R","06","029","000909","1003"
"552878","841 SAN BRUNO AVENUE WEST, SAN BRUNO, CA, 94066","Match","Exact","841 SAN BRUNO AVE W, SAN BRUNO, CA, 94066","-122.418660449428,37.627973861032","192373898","L","06","081","604000","1003"
"552877","12456 Beach Blvd, Stanton, CA, 90680","Match","Exact","12456 BEACH BLVD, STANTON, CA, 90680","-117.992791768668,33.78171891242","144117133","L","06","059","088104","1006"
"552879","17710 Roscoe Blvd, Northridge, CA, 91325","Match","Exact","17710 ROSCOE BLVD, NORTHRIDGE, CA, 91325","-118.519063636474,34.220921280876","141543890","L","06","037","131300","3000"
"052556","3295 Skypark Drive, Torrance, CA, 90505","Match","Exact","3295 SKYPARK DR, TORRANCE, CA, 90505","-118.345387083659,33.80967052593","142845125","R","06","037","651101","2030"
"052555","3801 CLARES STREET, CAPITOLA, CA, 95010","Match","Exact","3801 CLARES ST, CAPITOLA, CA, 95010","-121.967765197077,36.978307932856","606051517","L","06","087","121702","1007"
"052550","11375 Anderson Street, Loma Linda, CA, 92354","Match","Exact","11375 ANDERSON ST, LOMA LINDA, CA, 92354","-117.261066115364,34.047113661666","638034300","L","06","071","007308","3003"
"052554","6840 Sepulveda Blvd, Suite 101, VAN NUYS, CA, 91405","Match","Exact","6840 SEPULVEDA BLVD, VAN NUYS, CA, 91405","-118.466118090413,34.19485778279","652036977","R","06","037","127804","3006"
"552870","1899 N HELM AVE STE 102, FRESNO, CA, 93727","Match","Exact","1899 N HELM AVE, FRESNO, CA, 93727","-119.723549225365,36.768197051695","197643151","L","06","019","003104","2064"
"052553","530 Cohasset Road, CHICO, CA, 95926","No_Match"
"052552","600 N. 13th Avenue, Upland, CA, 91786","Match","Exact","600 N 13TH AVE, UPLAND, CA, 91786","-117.633571427559,34.100996080345","640039372","R","06","071","000901","3000"
"552863","210 BLUE RAVINE RD SUITE 100, FOLSOM, CA, 95630","Match","Exact","210 BLUE RAVINE RD, FOLSOM, CA, 95630","-121.172951180833,38.655765968213","133384419","R","06","067","008504","1020"
"552861","400 N Palm Ave, Wasco, CA, 93280","Match","Exact","400 N PALM AVE, WASCO, CA, 93280","-119.349170008648,35.5978653428","109008264","R","06","029","004403","1018"
"552860","82900 Ave 42 Suite E, Indio, CA, 92203","Match","Non_Exact","82900 AVE 42, INDIO, CA, 92203","-116.2181720643,33.744111100555","608980292","L","06","065","045305","2011"
"552867","3219 Jefferson Street, NAPA, CA, 94558","Match","Exact","3219 JEFFERSON ST, NAPA, CA, 94558","-122.299075807646,38.319671136319","67415337","L","06","055","200501","1004"
"552866","2350 MaryAnn Dr., TURLOCK, CA, 95380","Match","Exact","2350 MARYANN DR, TURLOCK, CA, 95380","-120.875343135377,37.496425017911","618336475","L","06","099","003603","3044"
"552865","2585 ALLUVIAL AVE, CLOVIS, CA, 93611","Match","Non_Exact","2585 E ALLUVIAL AVE, CLOVIS, CA, 93611","-119.736907372229,36.844644704728","623514350","R","06","019","005509","3004"
"552864","2731 SYSTRON DRIVE SUITE 100, CONCORD, CA, 94518","Match","Exact","2731 SYSTRON DR, CONCORD, CA, 94518","-122.029749816169,37.964612370204","624270956","L","06","013","337100","2009"
"552869","17762 Beach Blvd, Ste 120, Huntington Beach, CA, 92647","Match","Exact","17762 BEACH BLVD, HUNTINGTON BEACH, CA, 92647","-117.989006557515,33.704384084876","609060751","L","06","059","099212","1000"
"552868","780 EAST WASHINGTON BLVD, BUILDING B, CRESCENT CITY, CA, 95531","Match","Non_Exact","780 E WASHINGTON BLVD, CRESCENT CITY, CA, 95531","-124.195052981943,41.77274919106","113168932","L","06","015","000104","1002"
"052546","1498 SOUTHGATE AVENUE, DALY CITY, CA, 94015","Match","Exact","1498 SOUTHGATE AVE, DALY CITY, CA, 94015","-122.475644011863,37.675555384687","192368903","R","06","081","601502","1001"
"052545","18546 Roscoe Blvd., Suite 108, Northridge, CA, 91324","Match","Exact","18546 ROSCOE BLVD, NORTHRIDGE, CA, 91324","-118.537384526506,34.220649498853","652037792","L","06","037","131021","2002"
"052544","9432 Venice Blvd., Culver City, CA, 90230","Match","Non_Exact","9432 VENICE BLVD, CULVER CITY, CA, 90232","-118.395118691362,34.025186149357","141574785","L","06","037","270102","1005"
"052549","2031 Alameda Avenue, Suite 202, Burbank, CA, 91506","Match","Non_Exact","2031 W ALAMEDA AVE, BURBANK, CA, 91506","-118.323323524537,34.159878576525","141595622","R","06","037","311700","6014"
"052543","2765 TIMBER RIDGE LANE, EUREKA, CA, 95503","Match","Exact","2765 TIMBER RIDGE LN, EUREKA, CA, 95503","-124.137055223739,40.780069597409","655807980","L","06","023","000700","1002"
"052541","1061 N. Indian Canyon Drive, Palm Springs, CA, 92262","Match","Exact","1061 N INDIAN CANYON DR, PALM SPRINGS, CA, 92262","-116.545667964759,33.837143256347","194761432","R","06","065","044606","2000"
"552852","1611 W Whittier Blvd, La Habra, CA, 90631","Match","Exact","1611 W WHITTIER BLVD, LA HABRA, CA, 90631","-117.963860563615,33.939555766194","144004773","R","06","059","001101","3001"
"552850","2511 W 3rd Street, Suite 120, Los Angeles, CA, 90057","Match","Exact","2511 W 3RD ST, LOS ANGELES, CA, 90057","-118.276936414663,34.065178048119","141605296","R","06","037","208502","1001"
"552856","283 North Pearson Drive, Porterville, CA, 93257","Match","Exact","283 N PEARSON DR, PORTERVILLE, CA, 93257","-119.027679662898,36.071530047642","202786650","L","06","107","003801","2009"
"552855","125 CORPORATE PLACE SUITE B, VALLEJO, CA, 94590","Match","Non_Exact","125 CORPORATE PL, VALLEJO, CA, 94590","-122.248966286114,38.095149755945","192527670","R","06","095","250701","1022"
"552854","20821 Hawthorne Blvd, Torrance, CA, 90503","Match","Exact","20821 HAWTHORNE BLVD, TORRANCE, CA, 90503","-118.353890507621,33.841129291337","241197106","R","06","037","650606","1004"
"552853","19333 Business Center Drive, Northridge, CA, 91324","Match","Exact","19333 BUS CENTER DR, NORTHRIDGE, CA, 91324","-118.554094481629,34.231032741488","141540248","R","06","037","113424","1000"
"552859","3251 SOUTH WHITE ROAD, SUITE 10, SAN JOSE, CA, 95148","Match","Exact","3251 S WHITE RD, SAN JOSE, CA, 95148","-121.792465303123,37.315304040219","122917840","R","06","085","503315","2007"
"552858","4930 Paramount Blvd, Lakewood, CA, 90712","Match","Exact","4930 PARAMOUNT BLVD, LAKEWOOD, CA, 90712","-118.159807368891,33.847458462166","142774395","R","06","037","570703","1011"
"552857","966 East Ave, Chico, CA, 95926","Match","Exact","966 EAST AVE, CHICO, CA, 95926","-121.840286548893,39.760981477011","635746153","L","06","007","000104","1011"
"052536","303 W. 26th Street, National City, CA, 91950","Match","Exact","303 W 26TH ST, NATIONAL CITY, CA, 91950","-117.103901990661,32.659012385511","657319940","L","06","073","021900","1062"
"052534","2628 INTERNATIONAL BLVD, STE 100, OAKLAND, CA, 94601","Match","Exact","2628 INTERNATIONAL BLVD, OAKLAND, CA, 94601","-122.232038319285,37.781170579722","125006003","L","06","001","406201","4005"
"052538","125 E. Arbor Vitae St, Inglewood, CA, 90301","Match","Exact","125 E ARBOR VITAE ST, INGLEWOOD, CA, 90301","-118.353726586101,33.952762814706","142750213","L","06","037","601212","4008"
"052532","4361 Latham Street, Suite 100, Riverside, CA, 92501","Match","Exact","4361 LATHAM ST, RIVERSIDE, CA, 92501","-117.374064288603,34.002139086445","194733905","L","06","065","030104","3000"
"052531","3500 COFFEE ROAD #21, MODESTO, CA, 95355","Match","Exact","3500 COFFEE RD, MODESTO, CA, 95355","-120.975999086468,37.688941692984","102600968","R","06","099","000403","1015"
"052525","203 E. Second Avenue, Escondido, CA, 92025","Match","Exact","203 E 2ND AVE, ESCONDIDO, CA, 92025","-117.079334997563,33.121424630222","195313572","R","06","073","020601","2000"
"052524","1020 SECOND STREET, SANTA ROSA, CA, 95404","Match","Exact","1020 2ND ST, SANTA ROSA, CA, 95404","-122.705581170076,38.442328564348","67488519","R","06","097","152000","2001"
"052523","1525 Long Beach Blvd, Long Beach, CA, 90813","Match","Exact","1525 LONG BEACH BLVD, LONG BEACH, CA, 90813","-118.189443347127,33.786006704531","141693684","L","06","037","575402","1011"
"052522","801 W. Compton Blvd., Compton, CA, 90220","Match","Exact","801 W COMPTON BLVD, COMPTON, CA, 90220","-118.237642351898,33.895952023523","141675038","R","06","037","542700","3012"
"052528","1876 PARK MARINA DRIVE, REDDING, CA, 96001","Match","Exact","1876 PARK MARINA DR, REDDING, CA, 96001","-122.37573565115,40.585067671233","126729861","R","06","089","010200","2021"
"052526","565 SIR FRANCIS DRAKE BLVD., GREENBRAE, CA, 94904","No_Match"
"052521","1759 W. Avenue J, Suite 102, Lancaster, CA, 93534","Match","Exact","1759 W AVE J, LANCASTER, CA, 93534","-118.162136004468,34.68953147516","640845891","R","06","037","900805","2005"
"052514","4360-A Stevens Creek Blvd, SAN JOSE, CA, 95129","Match","Non_Exact","4360 STEVENS CREEK BLVD, SAN JOSE, CA, 95129","-121.97895899782,37.3229842552","638614415","L","06","085","506203","1003"
"052513","222 Pesetas Lane, Santa Barbara, CA, 93110","Match","Exact","222 PESETAS LN, SANTA BARBARA, CA, 93110","-119.758357688998,34.443484597635","108602928","R","06","083","000102","3001"
"052515","3810 Katella Avenue, Los Alamitos, CA, 90720","Match","Exact","3810 KATELLA AVE, LOS ALAMITOS, CA, 90720","-118.06642113221,33.802972697763","609054082","R","06","059","110014","1002"
"052503","146 South Main Street, Orange, CA, 92868","Match","Exact","146 S MAIN ST, ORANGE, CA, 92868","-117.867355851959,33.78702917645","144041273","R","06","059","076001","3000"
"052502","3600 E. Martin Luther King Jr. Blvd., Lynwood, CA, 90262","Match","Non_Exact","3600 MARTIN LUTHER KING JR BLVD, LYNWOOD, CA, 90262","-118.203962669655,33.932501038311","142685275","R","06","037","540202","3006"
"052505","238 Orangefair Mall, Fullerton, CA, 92832","Match","Non_Exact","238 E ORANGEFAIR AVE, FULLERTON, CA, 92832","-117.921465831073,33.856269940461","651691008","R","06","059","011602","4001"
"552896","20930 Chico St, Carson, CA, 90746","Match","Exact","20930 CHICO ST, CARSON, CA, 90746","-118.257041929482,33.840059240433","142853041","L","06","037","980025","1005"
"552899","7275 Indiana Ave #100, Riverside, CA, 92504","Match","Non_Exact","7275 INDIANA AVE, RIVERSIDE, CA, 92506","-117.400196968643,33.937588860904","195085627","R","06","065","031300","1001"
"552898","1492 CONSTITUTION BLVD, SALINAS, CA, 93905","Match","Exact","1492 CONSTITUTION BLVD, SALINAS, CA, 93905","-121.62254643539,36.700081472062","196852825","L","06","053","010608","2001"
"552897","1201 W 155th Street, Gardena, CA, 90247","Match","Exact","1201 W 155TH ST, GARDENA, CA, 90247","-118.29605365967,33.890591896693","141667308","R","06","037","603101","3005"
"742579","601 Main St Ste 120, Keller, TX, 76248","Match","Non_Exact","601 S MAIN ST, KELLER, TX, 76248","-97.253840876393,32.928933966508","101859920","R","48","439","113816","3016"
"742577","8115 DATAPOINT DR STE 100, San Antonio, TX, 78229","Match","Exact","8115 DATAPOINT DR, SAN ANTONIO, TX, 78229","-98.569307212584,29.515405630841","650121609","L","48","029","181003","1006"
"742578","4708 DEXTER DR, Plano, TX, 75093","Match","Exact","4708 DEXTER DR, PLANO, TX, 75093","-96.791201972893,33.018253236986","210491879","L","48","085","031621","1021"
"742586","801 E Border Street STE 201, Arlington, TX, 76010","Match","Exact","801 E BORDER ST, ARLINGTON, TX, 76010","-97.099017470533,32.73344994491","101908611","L","48","439","122300","2050"
"742587","3417 Sherwood Way, San Angelo, TX, 76901","Match","Exact","3417 SHERWOOD WAY, SAN ANGELO, TX, 76901","-100.480715495183,31.444764504961","190679331","L","48","451","001301","4002"
"742584","1434 N Central Expressway Suite 116, McKinney, TX, 75070","Match","Exact","1434 N CENTRAL EXPY, MCKINNEY, TX, 75070","-96.63735360074,33.210309325067","123491408","R","48","085","030701","2010"
"742585","2001 W 34th St, Houston, TX, 77018","Match","Exact","2001 W 34TH ST, HOUSTON, TX, 77018","-95.43474971824,29.817196192425","96639756","L","48","201","530200","2005"
"742582","1902 Windsor Place Suite 202, Fort Worth, TX, 76110","Match","Exact","1902 WINDSOR PL, FORT WORTH, TX, 76110","-97.345931804401,32.722252957461","101885423","R","48","439","104302","1000"
"742580","200 S RIVERSHIRE DR STE 100, Conroe, TX, 77304","Match","Exact","200 S RIVERSHIRE DR, CONROE, TX, 77304","-95.464826784075,30.290066192342","79281003","L","48","339","693303","1005"
"742581","12011 State Highway 151, San Antonio, TX, 78251","No_Match"
"742588","8206 N. Navarro, Victoria, TX, 77904","Match","Non_Exact","8206 N NAVARRO ST, VICTORIA, TX, 77904","-96.997646992032,28.870281476108","44558172","R","48","469","001607","2005"
"742589","1050 Gemini Street, Houston, TX, 77058","Match","Exact","1050 GEMINI ST, HOUSTON, TX, 77058","-95.115104764922,29.55395471821","96159340","R","48","201","341302","1010"
"742597","1100 Center Ridge Drive, Austin, TX, 78753","Match","Exact","1100 CENTER RIDGE DR, AUSTIN, TX, 78753","-97.66921349111,30.416828184255","64109338","R","48","453","043900","3003"
"742598","6888 Southwest Freeway, Houston, TX, 77074","Match","Exact","6888 SOUTHWEST FWY, HOUSTON, TX, 77074","-95.505855033991,29.71134435154","642864691","R","48","201","432804","2020"
"742595","5208 ATASCOCITA RD, Humble, TX, 77346","Match","Exact","5208 ATASCOCITA RD, HUMBLE, TX, 77346","-95.196322489347,29.987161606371","657487818","R","48","201","250406","1003"
"742596","219 W Kingsley Rd STE 316, Garland, TX, 75041","Match","Exact","219 W KINGSLEY RD, GARLAND, TX, 75041","-96.631447012679,32.878946478963","103242040","L","48","113","018300","3023"
"742593","1600 SOUTHEAST INDUSTRIAL DR STE 1, EDINBURG, TX, 78542","No_Match"
"742594","1809 PRECINCT LINE RD, HURST, TX, 76054","Match","Exact","1809 PRECINCT LINE RD, HURST, TX, 76054","-97.186223623306,32.848224365576","635377079","L","48","439","113613","3010"
"742591","851 Best Drive, Seguin, TX, 78155","No_Match"
"742592","2711 LITTLE YORK STE 201, Houston, TX, 77093","Match","Non_Exact","2711 LITTLE YORK RD, HOUSTON, TX, 77093","-95.343953617203,29.87110399753","96056922","L","48","201","221900","3013"
"742590","11161 Shadow Creek Pkwy STE 101, Pearland, TX, 77584","Match","Exact","11161 SHADOW CREEK PKWY, PEARLAND, TX, 77584","-95.391681923976,29.580982087372","642184953","R","48","039","660603","1006"
"032302","2525 E ROOSEVELT ST, PHOENIX, AZ, 85008","Match","Exact","2525 E ROOSEVELT ST, PHOENIX, AZ, 85008","-112.025718563339,33.458502121873","128940286","R","04","013","981000","1001"
"052395","3020 Childrens Way, MC 5115, San Diego, CA, 92123","Match","Non_Exact","3020 CHILDRENS WAY, SAN DIEGO, CA, 92123","-117.150864007899,32.798659664432","195653080","L","06","073","008702","1005"
"742559","241 N PRESTON RD STE A, Prosper, TX, 75078","Match","Non_Exact","241 N PRESTON RD, PROSPER, TX, 75078","-96.789255372986,33.237194316245","647714819","L","48","085","030304","3007"
"052394","Peritoneal Dialysis Unit, 3460 E. La Palma Avenue, Anaheim, CA, 92806","Match","Non_Exact","3460 E LA PALMA AVE, ANAHEIM, CA, 92806","-117.844578307079,33.854276239939","144029440","R","06","059","011714","1012"
"052399","Peritoneal Dialysis Unit 1813 N Hacienda Blvd., LA PUENTE, CA, 91744","Match","Non_Exact","1813 N HACIENDA BLVD, LA PUENTE, CA, 91744","-117.943847991304,34.050658513166","142239603","L","06","037","407501","2000"
"742557","12098 EAST FWY, Houston, TX, 77029","Match","Exact","12098 EAST FWY, HOUSTON, TX, 77029","-95.225122384577,29.77097831063","96626022","R","48","201","233300","2002"
"742558","5842 YORKTOWN BLVD, CORPUS CHRISTI, TX, 78414","Match","Exact","5842 YORKTOWN BLVD, CORPUS CHRISTI, TX, 78414","-97.392759276593,27.665043532274","627396704","L","48","355","005415","2000"
"742555","9010 BRODIE LN BLDG A, Austin, TX, 78748","Match","Non_Exact","9010 BRODIE LN, AUSTIN, TX, 78748","-97.843175251647,30.194195891242","642470973","R","48","453","031300","1014"
"052398","27303 SLEEPY HOLLOW, HAYWARD, CA, 94545","Match","Non_Exact","27303 SLEEPY HOLLOW AVE S, HAYWARD, CA, 94545","-122.093788245779,37.632702100521","125021042","L","06","001","437300","2007"
"742564","7607 TOWN CENTER BLVD, Rosenberg, TX, 77471","Match","Exact","7607 TOWN CENTER BLVD, ROSENBERG, TX, 77471","-95.752439042197,29.547952718893","658375790","L","48","157","675101","3001"
"742565","1600 SE INDUSTRIAL DR STE 2, EDINBURG, TX, 78542","No_Match"
"742562","725 N INDUSTRIAL BLD STE 100, Bedford, TX, 76021","Match","Non_Exact","725 N INDUSTRIAL BLVD, BEDFORD, TX, 76021","-97.099938250205,32.847211115136","102091174","L","48","439","113638","1005"
"742563","1900 SE 34 AVE UNIT 300, AMARILLO, TX, 79118","Match","Exact","1900 SE 34TH AVE, AMARILLO, TX, 79118","-101.816521453969,35.178367067174","182664145","R","48","381","022002","3001"
"742560","5834 YORKTOWN BLVD, CORPUS CHRISTI, TX, 78414","Match","Exact","5834 YORKTOWN BLVD, CORPUS CHRISTI, TX, 78414","-97.392855626568,27.6650913227","627396704","L","48","355","005415","2000"
"742561","12970 TOEPPERWEIN RD STE 101, Live Oak, TX, 78233","Match","Exact","12970 TOEPPERWEIN RD, LIVE OAK, TX, 78233","-98.35136973874,29.560338202797","629606902","R","48","029","121802","1002"
"032315","565 W SEED FARM RD, SACATON, AZ, 85147","No_Match"
"032316","PO BOX 245148, TUCSON, AZ, 85724","No_Match"
"052384","Dialysis Unit 6041 Cadillac Avenue, Suite 442, Los Angeles, CA, 90034","Match","Non_Exact","6041 CADILLAC AVE, LOS ANGELES, CA, 90034","-118.375493042701,34.037832066859","640423960","R","06","037","270300","2019"
"032314","1920 E CAMBRIDGE RD STE 102, PHOENIX, AZ, 85016","Match","Non_Exact","1920 E CAMBRIDGE AVE, PHOENIX, AZ, 85006","-112.041380316328,33.477587576642","128301187","L","04","013","111602","1002"
"052382","Peritoneal Dialysis Unit, 10800 Magnolia Avenue, Module 1X, Riverside, CA, 92505","Match","Non_Exact","10800 MAGNOLIA AVE, RIVERSIDE, CA, 92505","-117.470044425489,33.906932409437","195092988","L","06","065","041408","1001"
"742568","1787 FM 3009, SCHERTZ, TX, 78154","Match","Exact","1787 FM 3009, SCHERTZ, TX, 78154","-98.260014806318,29.574486052961","54824148","R","48","187","210705","1000"
"052389","CAPD Department-Basement, 9333 E. Imperial Hwy, Downey, CA, 90242","No_Match"
"742569","1121 3RD ST, CORPUS CHRISTI, TX, 78404","Match","Exact","1121 3RD ST, CORPUS CHRISTI, TX, 78404","-97.397622887969,27.781471376017","178516944","R","48","355","001201","1012"
"742566","26321 NORTHWEST FWY STE 300, CYPRESS, TX, 77429","No_Match"
"742567","2500 SWAMY DRIVE, SHERMAN, TX, 75090","No_Match"
"742575","1902 WINDSOR PL STE 100, FORT WORTH, TX, 76110","Match","Exact","1902 WINDSOR PL, FORT WORTH, TX, 76110","-97.345931804401,32.722252957461","101885423","R","48","439","104302","1000"
"742576","946 Bluebonnet Drive, STEPHENVILLE, TX, 76401","Match","Non_Exact","946 BLUEBONNET ST, STEPHENVILLE, TX, 76401","-98.243362384219,32.216726036808","158525569","R","48","143","950402","1001"
"742573","3702 Interstate 27, Lubbock, TX, 79412","No_Match"
"742574","913 N 13 ST STE 29, Harlingen, TX, 78550","Match","Exact","913 N 13TH ST, HARLINGEN, TX, 78550","-97.68252383094,26.201920367096","90009996","L","48","061","010700","1014"
"742571","6514 HIGHWAY 90A STE 103, Sugar Land, TX, 77498","No_Match"
"052392","710 LAWRENCE EXPRESSWAY #460, SANTA CLARA, CA, 95051","No_Match"
"742572","20435 CYPRESSWOOD DR, Cypress, TX, 77433","Match","Exact","20435 CYPRESSWOOD DR, CYPRESS, TX, 77433","-95.737502852663,29.991815435645","642110779","R","48","201","555701","4013"
"052390","725 WELCH ROAD PEDIATRIC DIALYSIS  RM 1229, PALO ALTO, CA, 94304","Match","Non_Exact","725 WELCH RD, PALO ALTO, CA, 94304","-122.174456734563,37.437202556188","618202442","L","06","085","511609","1025"
"742570","3626 50TH ST, Lubbock, TX, 79413","Match","Exact","3626 50TH ST, LUBBOCK, TX, 79413","-101.892307049911,33.548812278831","185251956","R","48","303","001906","1027"
"742539","1407 N JEFFERSON AVE, MOUNT PLEASANT, TX, 75455","Match","Exact","1407 N JEFFERSON AVE, MOUNT PLEASANT, TX, 75455","-94.970324662981,33.169541290409","83219929","L","48","449","950600","1017"
"742537","100 E HOUSE ST, ALVIN, TX, 77511","Match","Exact","100 E HOUSE ST, ALVIN, TX, 77511","-95.243851938506,29.418568845241","116585227","R","48","039","661200","2016"
"742538","2129 W PECAN ST, PFLUGERVILLE, TX, 78660","Match","Non_Exact","2129 E PECAN ST, PFLUGERVILLE, TX, 78660","-97.610380276977,30.434830220141","657282173","L","48","453","044800","1000"
"742535","209 W TRAVIS ST, SHERMAN, TX, 75092","Match","Exact","209 W TRAVIS ST, SHERMAN, TX, 75092","-96.622064951894,33.602286289339","656246724","L","48","181","001700","2003"
"742536","2500 SOUTH JACKSON RD, McAllen, TX, 78503","Match","Exact","2500 S JACKSON RD, MCALLEN, TX, 78503","-98.20797672545,26.176277965862","628029817","R","48","215","021204","2035"
"742533","13730 ALICE RD STE D, Tomball, TX, 77377","Match","Non_Exact","13730 ALICE RD, TOMBALL, TX, 77377","-95.629426323784,30.077100654562","233348914","L","48","201","555501","1023"
"742534","2635 SE MILITARY DR, SAN ANTONIO, TX, 78223","Match","Exact","2635 SE MILITARY DR, SAN ANTONIO, TX, 78223","-98.451206725273,29.351844875662","101722491","L","48","029","141101","1000"
"552720","2401 MERCED ST SUITE 110, SAN LEANDRO, CA, 94577","No_Match"
"742540","6823 COMMUNICATIONS PKWY, Plano, TX, 75024","Match","Exact","6823 COMMUNICATIONS PKWY, PLANO, TX, 75024","-96.831782824455,33.068213938536","656133728","R","48","085","031670","3021"
"742541","5010 WISEMAN BLVD, San Antonio, TX, 78251","Match","Exact","5010 WISEMAN BLVD, SAN ANTONIO, TX, 78251","-98.707245666997,29.465468866373","101742166","L","48","029","171918","1016"
"052380","Peritoneal Dialysis Unit, 9985 Sierra Avenue MOB-3, Fontana, CA, 92335","Match","Non_Exact","9985 SIERRA AVE, FONTANA, CA, 92335","-117.435603443233,34.072214408505","614818867","L","06","071","003302","4001"
"552724","3 ROSSI CIRCLE, STE B, SALINAS, CA, 93907","Match","Non_Exact","3 ROSSI CIR, SALINAS, CA, 93907","-121.671757192265,36.686889069537","196864522","L","06","053","001801","3002"
"052381","5601 De Soto Avenue, Area 247 Peritoneal Dialysis, Woodland Hills, CA, 91365","Match","Non_Exact","5601 DE SOTO AVE, WOODLAND HILLS, CA, 91367","-118.588245198112,34.170928974737","141535659","L","06","037","137104","1005"
"552723","614 Tully Rd, San Jose, CA, 95111","Match","Exact","614 TULLY RD, SAN JOSE, CA, 95111","-121.847338783284,37.308093565235","123015385","R","06","085","503213","2000"
"552722","1413 6th Street, COACHELLA, CA, 92236","Match","Exact","1413 6TH ST, COACHELLA, CA, 92236","-116.177513550975,33.678251496662","194776409","L","06","065","045707","1022"
"552721","440 N. 11th Street, HANFORD, CA, 93230","Match","Non_Exact","440 N 11TH AVE, HANFORD, CA, 93230","-119.655289024695,36.328696759377","639923409","L","06","031","001001","1011"
"552728","883 Patriot Drive, Suite C, Moorpark, CA, 93021","Match","Non_Exact","883 PATRIOT DR, MOORPARK, CA, 93021","-118.865101306311,34.277699304788","645825109","L","06","111","007613","2006"
"552727","11913 Firestone Blvd., NORWALK, CA, 90650","Match","Exact","11913 FIRESTONE BLVD, NORWALK, CA, 90650","-118.079112704391,33.91143857137","142794350","L","06","037","552200","2008"
"552726","1147 PHELPS AVE, COALINGA, CA, 93210","Match","Exact","1147 PHELPS AVE, COALINGA, CA, 93210","-120.341445304308,36.151551741608","658244295","R","06","019","008100","1006"
"552725","2128 SOQUEL AVENUE, SANTA CRUZ, CA, 95062","Match","Exact","2128 SOQUEL AVE, SANTA CRUZ, CA, 95062","-121.995350468746,36.982876243143","647468969","R","06","087","100900","2001"
"552729","720 N. I ST., MADERA, CA, 93637","Match","Exact","720 N I ST, MADERA, CA, 93637","-120.0692076561,36.964738993897","102338059","L","06","039","000701","1019"
"742548","3700 N TARRANT PKWY, FORT WORTH, TX, 76177","Match","Non_Exact","3700 N TARRANT PKWY, FORT WORTH, TX, 76244","-97.304868860195,32.895737362661","639925446","R","48","439","113924","2003"
"742549","12011 STATE HIGHWAY 151 STE 101, San Antonio, TX, 78251","No_Match"
"742546","4405 ROSS AVE, DALLAS, TX, 75204","Match","Exact","4405 ROSS AVE, DALLAS, TX, 75204","-96.781203519947,32.8021371709","102911038","L","48","113","000801","2015"
"742547","2929 MONTANA AVE, El Paso, TX, 79903","Match","Exact","2929 MONTANA AVE, EL PASO, TX, 79903","-106.460962055236,31.783805137284","189342703","L","48","141","002600","5003"
"742545","4751 W FUQUA ST, Houston, TX, 77045","Match","Exact","4751 W FUQUA ST, HOUSTON, TX, 77045","-95.452088852634,29.613208893643","624122997","L","48","201","330400","3003"
"742553","15619 NACOGDOCHES RD, SAN ANTONIO, TX, 78247","Match","Exact","15619 NACOGDOCHES RD, SAN ANTONIO, TX, 78247","-98.365245479405,29.583452325769","101501425","L","48","029","121812","3000"
"742554","600 N. Kobayashi Rd., Webster, TX, 77598","Match","Exact","600 N KOBAYASHI RD, WEBSTER, TX, 77598","-95.130883958334,29.534177333326","653233360","L","48","201","341101","1036"
"742551","11343 N CENTRAL EXPY, Dallas, TX, 75243","Match","Exact","11343 N CENTRAL EXPY, DALLAS, TX, 75243","-96.769510685496,32.902694165746","657145372","L","48","113","013101","2021"
"742552","11321 FALLBROOK DR, Houston, TX, 77065","Match","Exact","11321 FALLBROOK DR, HOUSTON, TX, 77065","-95.589902554897,29.925697083639","233490347","L","48","201","552003","2008"
"552713","3 ROSSI CIRCLE, STE A, SALINAS, CA, 93907","Match","Non_Exact","3 ROSSI CIR, SALINAS, CA, 93907","-121.671757192265,36.686889069537","196864522","L","06","053","001801","3002"
"552712","725 RIDDER PARK DR., STE 50, SAN JOSE, CA, 95131","Match","Exact","725 RIDDER PARK DR, SAN JOSE, CA, 95131","-121.901600714483,37.378715103448","627323387","L","06","085","504318","1012"
"742550","1307 CAMERON ST, Mercedes, TX, 78570","Match","Exact","1307 CAMERON ST, MERCEDES, TX, 78570","-97.925643601617,26.154274501906","656240602","L","48","215","023104","1012"
"552711","725 RIDDER PARK., STE 10, SAN JOSE, CA, 95131","Match","Non_Exact","725 RIDDER PARK DR, SAN JOSE, CA, 95131","-121.901600714483,37.378715103448","627323387","L","06","085","504318","1012"
"552717","255 2nd STREET, OAKLAND, CA, 94607","Match","Exact","255 2ND ST, OAKLAND, CA, 94607","-122.271800438244,37.794192619608","124997299","L","06","001","983200","2018"
"552716","74 CAMARITAS AVE, SOUTH SAN FRANCISCO, CA, 94080","Match","Exact","74 CAMARITAS AVE, SOUTH SAN FRANCISCO, CA, 94080","-122.437341511041,37.654919835258","192372053","R","06","081","601800","1011"
"552715","1702 ILLINOIS AVENUE, PERRIS, CA, 92571","Match","Exact","1702 ILLINOIS AVE, PERRIS, CA, 92571","-117.18664792265,33.746716402117","641496279","R","06","065","042731","1012"
"552714","1620 EAST CAPITOL EXPRESSWAY, SAN JOSE, CA, 95121","Match","Non_Exact","1620 CAPITOL EXPY, SAN JOSE, CA, 95121","-121.810371551763,37.307471412749","122915738","R","06","085","503336","2000"
"552719","2001 JUNIPERO SERRA BLVD, DALY CITY, CA, 94014","Match","Exact","2001 JUNIPERO SERRA BLVD, DALY CITY, CA, 94014","-122.47065333897,37.701512913554","192367524","L","06","081","600600","1003"
"742519","3301 RIDGECREST RD STE 1, GREENVILLE, TX, 75402","Match","Exact","3301 RIDGECREST RD, GREENVILLE, TX, 75402","-96.115066439012,33.120612087241","42835765","L","48","231","961300","2004"
"742517","1120 McRae Blvd, El Paso, TX, 79925","Match","Exact","1120 MCRAE BLVD, EL PASO, TX, 79925","-106.354882237248,31.759822013096","189407771","R","48","141","004318","2006"
"742518","10112 DYER ST, El Paso, TX, 79924","Match","Exact","10112 DYER ST, EL PASO, TX, 79924","-106.405475138881,31.903896929861","189426012","R","48","141","000207","1003"
"742513","4601 MEDICAL CENTER DR STE G, MCKINNEY, TX, 75069","Match","Non_Exact","4601 MEDICAL CENTER DR, MCKINNEY, TX, 75069","-96.635293776509,33.160675729712","210476338","R","48","085","030903","1022"
"742514","101 W PARK DR, LIVINGSTON, TX, 77351","Match","Exact","101 W PARK DR, LIVINGSTON, TX, 77351","-94.940795222635,30.728128962626","643007749","L","48","373","210302","1060"
"742511","458 N HIGHWAY 67 STE 400, CEDAR HILL, TX, 75104","Match","Exact","458 N HWY 67, CEDAR HILL, TX, 75104","-96.937974297313,32.597069488452","658513453","R","48","113","016629","2005"
"742512","1400 CREEK WAY DR STE 211, SUGAR LAND, TX, 77478","Match","Exact","1400 CREEK WAY DR, SUGAR LAND, TX, 77478","-95.619986541244,29.605800998835","617957470","R","48","157","672100","1040"
"742521","11040 I-10 West, San Antonio, TX, 78230","No_Match"
"552702","560 E HERNDON AVE, STE 101, FRESNO, CA, 93720","Match","Exact","560 E HERNDON AVE, FRESNO, CA, 93720","-119.777838076066,36.837363376572","636422342","L","06","019","004406","2005"
"552701","14812 Oxnard Street, Van Nuys, CA, 91411","Match","Exact","14812 OXNARD ST, VAN NUYS, CA, 91411","-118.45553649714,34.179329014908","141560359","L","06","037","128400","2002"
"552700","30885 Date Palm Drive, Cathedral City, CA, 92234","Match","Exact","30885 DATE PALM DR, CATHEDRAL CITY, CA, 92234","-116.458260328401,33.823784736603","194765280","R","06","065","044925","2000"
"552706","25251 Paseo de Alicia, Suite 105, Laguna Hills, CA, 92653","Match","Exact","25251 PSO DE ALICIA, LAGUNA HILLS, CA, 92653","-117.690625993594,33.60189357471","144392614","L","06","059","042307","1001"
"552705","251 LATHROP WAY, SACRAMENTO, CA, 95815","Match","Exact","251 LATHROP WAY, SACRAMENTO, CA, 95815","-121.45938425135,38.595870881286","133446784","L","06","067","006901","2027"
"552704","590 E HARDING WAY, STOCKTON, CA, 95204","Match","Exact","590 E HARDING WAY, STOCKTON, CA, 95204","-121.286818570192,37.968649450696","133849982","R","06","077","000402","1000"
"552703","1560 COUNTRY CLUB RD, MADERA, CA, 93638","Match","Non_Exact","1560 COUNTRY CLUB DR, MADERA, CA, 93638","-120.074278281853,36.980927456682","102364769","L","06","039","000515","1029"
"552709","3140 Long Beach Blvd., Long Beach, CA, 90807","Match","Non_Exact","3140 N LONG BEACH BLVD, LONG BEACH, CA, 90807","-118.18921833534,33.81420468638","141686671","R","06","037","572201","1008"
"552708","17207 Jasmine Street, VICTORVILLE, CA, 92395","Match","Exact","17207 JASMINE ST, VICTORVILLE, CA, 92395","-117.286794530758,34.474854450849","144753770","R","06","071","010037","1026"
"552707","78030 Wildcat Drive Suite 101, Palm Desert, CA, 92211","Match","Exact","78030 WILDCAT DR, PALM DESERT, CA, 92211","-116.30419240478,33.765064883366","195044481","L","06","065","044520","1031"
"742528","7251 S DESERT BLVD, El Paso, TX, 79835","Match","Exact","7251 S DESERT BLVD, EL PASO, TX, 79835","-106.583290936741,31.92371321179","189379922","L","48","141","010232","2002"
"742529","120 W BELT LINE RD, CEDAR HILL, TX, 75104","Match","Exact","120 W BELT LINE RD, CEDAR HILL, TX, 75104","-96.944897086425,32.589874415341","103185689","L","48","113","016626","3005"
"742526","13340 PRESTON RD, DALLAS, TX, 75240","Match","Exact","13340 PRESTON RD, DALLAS, TX, 75240","-96.803495129417,32.930424251813","102900201","R","48","113","013608","2010"
"742527","6018 PARKWAY DR, CORPUS CHRISTI, TX, 78414","Match","Exact","6018 PARKWAY DR, CORPUS CHRISTI, TX, 78414","-97.373787432353,27.688426028614","178534382","L","48","355","003306","3003"
"742524","1671 ROLLINGBROOK DR, Baytown, TX, 77521","Match","Exact","1671 ROLLINGBROOK DR, BAYTOWN, TX, 77521","-94.979855517687,29.760826339317","96627256","L","48","201","253602","1001"
"742525","201 MEDICAL DR, Palestine, TX, 75801","Match","Exact","201 MEDICAL DR, PALESTINE, TX, 75801","-95.62902934932,31.731133734142","637916406","R","48","001","950901","2014"
"742531","3708 E ROSEDALE ST, Fort Worth, TX, 76155","Match","Non_Exact","3708 E ROSEDALE ST, FORT WORTH, TX, 76105","-97.270522352442,32.731244714966","101896814","R","48","439","103500","4009"
"742532","1104 HOLLIDAY ST, WICHITA FALLS, TX, 76301","Match","Exact","1104 HOLLIDAY ST, WICHITA FALLS, TX, 76301","-98.498637618695,33.903791280308","169844113","R","48","485","010200","1065"
"742530","2429 HICKORY TREE RD, BALCH SPRINGS, TX, 75180","Match","Exact","2429 HICKORY TREE RD, BALCH SPRINGS, TX, 75180","-96.62265094911,32.736438598048","102962385","R","48","113","017201","3002"
"672544","1401 MEDICAL DR, SULPHUR SPRINGS, TX, 75482","No_Match"
"672545","2201 N BEDELL, SUITE D, DEL RIO, TX, 78840","Match","Non_Exact","2201 N BEDELL AVE, DEL RIO, TX, 78840","-100.901656943579,29.388649324835","173588391","R","48","465","950802","2053"
"672546","2530 JACKSBORO HWY, FORT WORTH, TX, 76114","Match","Exact","2530 JACKSBORO HWY, FORT WORTH, TX, 76114","-97.386242356183,32.788151536457","638335685","R","48","439","100503","1012"
"672540","900 N. POLK STREET #146, DESOTO, TX, 75115","Match","Exact","900 N POLK ST, DESOTO, TX, 75115","-96.839918490389,32.610426142504","103187268","L","48","113","016610","1005"
"672541","734 NORTH ALAMO ROAD, ALAMO, TX, 78516","Match","Exact","734 N ALAMO RD, ALAMO, TX, 78516","-98.121336215523,26.194266977487","71506148","R","48","215","021904","3000"
"672542","4405 TRADITION TRAIL, PLANO, TX, 75093","Match","Exact","4405 TRADITION TRL, PLANO, TX, 75093","-96.781853644083,33.012310283285","210523245","L","48","085","031621","4004"
"672543","504 SANTE FE, WEATHERFORD, TX, 76086","Match","Non_Exact","504 SANTA FE DR, WEATHERFORD, TX, 76086","-97.789057349379,32.753935648633","103577285","L","48","367","140201","1061"
"672548","1544 VALWOOD PARKWAY, CARROLLTON, TX, 75006","No_Match"
"672549","4978 HIGHWAY 6 N, HOUSTON, TX, 77084","No_Match"
"672550","325 MATLOCK RD STE 120, MANSFIELD, TX, 76063","No_Match"
"672555","776 E CENTERVILLE ROAD, GARLAND, TX, 75041","Match","Exact","776 E CENTERVILLE RD, GARLAND, TX, 75041","-96.621900914165,32.878287044085","103270950","L","48","113","018111","3001"
"672556","615 EAST QUINCY ST., SAN ANTONIO, TX, 78215","Match","Exact","615 E QUINCY ST, SAN ANTONIO, TX, 78215","-98.488886951112,29.437833963567","101526203","L","48","029","111100","4054"
"672557","400 E. EDINBURG BLVD, ELSA, TX, 78543","No_Match"
"672558","11989 PELLICANO DRIVE, EL PASO, TX, 79936","Match","Exact","11989 PELLICANO DR, EL PASO, TX, 79936","-106.287180855514,31.735230858013","189406096","L","48","141","010337","2010"
"672551","1900 NORTH LOOP W STE 200, HOUSTON, TX, 77018","Match","Exact","1900 NORTH LOOP W, HOUSTON, TX, 77018","-95.432722446385,29.812817029917","96054321","R","48","201","530200","3013"
"672552","100 WEST HUNTINGTON, BEEVILLE, TX, 78102","Match","Non_Exact","100 W HUNTINGTON ST, BEEVILLE, TX, 78102","-97.754450913861,28.413538286025","35612906","L","48","025","950300","1056"
"672554","6455 HILLTOP DR,  SUITE 112, NORTH RICHLAND HILLS, TX, 76180","Match","Exact","6455 HILLTOP DR, NORTH RICHLAND HILLS, TX, 76180","-97.241176310414,32.845307113693","657561264","R","48","439","113811","1000"
"672559","5127 OLD GRANBURY ROAD, FORT WORTH, TX, 76133","No_Match"
"672560","9660 FM 1960 BYPASS RD W, HUMBLE, TX, 77338","Match","Exact","9660 FM 1960 BYPASS RD W, HUMBLE, TX, 77338","-95.289238935046,30.004834235662","642211646","R","48","201","241501","2011"
"672561","4407 YOAKUM BLVD, HOUSTON, TX, 77006","Match","Exact","4407 YOAKUM BLVD, HOUSTON, TX, 77006","-95.392428541988,29.733577566691","96064725","L","48","201","410900","2006"
"672522","212 GULF FWY S, LEAGUE CITY, TX, 77573","Match","Exact","212 GULF FWY S, LEAGUE CITY, TX, 77573","-95.112308483785,29.500992437988","614173983","L","48","167","720702","1014"
"672523","2391 NE LOOP 410, SAN ANTONIO, TX, 78217","Match","Exact","2391 NE LOOP 410, SAN ANTONIO, TX, 78217","-98.42008525787,29.516363396952","641417772","L","48","029","121204","3000"
"672524","102 E. HOSPITAL DRIVE, ANGLETON, TX, 77515","Match","Exact","102 E HOSPITAL DR, ANGLETON, TX, 77515","-95.407771292961,29.185079942846","116596014","R","48","039","662400","2001"
"672520","2424 WEST PLEASANT RUN RD, LANCASTER, TX, 75146","Match","Exact","2424 W PLEASANT RUN RD, LANCASTER, TX, 75146","-96.80981426053,32.604040920545","618800203","L","48","113","016805","1003"
"672521","803 CASTROVILLE ROAD, SAN ANTONIO, TX, 78237","Match","Exact","803 CASTROVILLE RD, SAN ANTONIO, TX, 78237","-98.552588803051,29.416967720542","635440724","R","48","029","170900","1017"
"672526","3250 W PLEASANT RUN ROAD, LANCASTER, TX, 75146","Match","Exact","3250 W PLEASANT RUN RD, LANCASTER, TX, 75146","-96.820930147422,32.604066003418","103264371","L","48","113","016805","2006"
"672529","12430 STATE HIGHWAY 249 STE H, HOUSTON, TX, 77086","Match","Non_Exact","12430 STATE HWY 249, HOUSTON, TX, 77086","-95.478304074909,29.910313976188","657536785","R","48","201","533804","1013"
"503700","484 CAMP ORKILA RD, EASTSOUND, WA, 98245","Match","Exact","484 CAMP ORKILA RD, EASTSOUND, WA, 98245","-122.941229459046,48.700519187354","152171654","R","53","055","960103","1036"
"672534","3307 Bob Rogers Drive, EAGLE PASS, TX, 78852","Match","Exact","3307 BOB ROGERS DR, EAGLE PASS, TX, 78852","-100.457906243938,28.71341188555","641090796","L","48","323","950701","1276"
"672536","7933 N MESA ST, EL PASO, TX, 79932","Match","Exact","7933 N MESA ST, EL PASO, TX, 79932","-106.574332293127,31.840045540624","189375819","L","48","141","001204","1011"
"672530","1507 HILLVIEW, HILLSBORO, TX, 76645","Match","Non_Exact","1507 HILLVIEW DR, HILLSBORO, TX, 76645","-97.094526816532,32.010902811126","639338441","L","48","217","961100","1160"
"672531","1651 W. NORTHWEST HWY, GRAPEVINE, TX, 76051","Match","Exact","1651 W NORTHWEST HWY, GRAPEVINE, TX, 76051","-97.093823955304,32.94106666883","649631284","L","48","439","113712","2005"
"672532","915 S Laredo St, SAN ANTONIO, TX, 78204","Match","Exact","915 S LAREDO ST, SAN ANTONIO, TX, 78204","-98.501427961607,29.416789275446","647483070","R","48","029","192100","1018"
"672538","12120 JONES ROAD, SUITE G, HOUSTON, TX, 77070","Match","Non_Exact","12120 JONES RD, HOUSTON, TX, 77070","-95.584766076549,29.950754421595","657500649","R","48","201","552501","2007"
"672588","500 WEST 5TH STREET, DENVER CITY, TX, 79323","Match","Exact","500 W 5TH ST, DENVER CITY, TX, 79323","-102.834125581086,32.969278881197","171733478","R","48","501","950200","2029"
"672589","3330 NORTH GALLOWAY AVENUE, MESQUITE, TX, 75150","Match","Exact","3330 N GALLOWAY AVE, MESQUITE, TX, 75150","-96.611057817037,32.810399888343","103232349","L","48","113","017814","1018"
"672584","720 NORTH SAINT MARYS STREET, FALFURRIAS, TX, 78355","Match","Exact","720 N SAINT MARYS ST, FALFURRIAS, TX, 78355","-98.143292791747,27.233190519318","655871394","R","48","047","950200","2018"
"672585","1201 N I-35, Gainesville, TX, 76240","Match","Non_Exact","1201 I- 35 FRONTAGE RD, GAINESVILLE, TX, 76240","-97.157297201878,33.606608850661","636367815","L","48","097","000900","1000"
"672587","530 CLARA BARTON BLVD. #105, GARLAND, TX, 75042","Match","Exact","530 CLARA BARTON BLVD, GARLAND, TX, 75042","-96.661863115033,32.917113278892","639538663","R","48","113","018900","4014"
"672591","1720 E WHITESTONE BLVD, CEDAR PARK, TX, 78613","Match","Exact","1720 E WHITESTONE BLVD, CEDAR PARK, TX, 78613","-97.803866731324,30.52864916683","648871398","L","48","491","020348","1011"
"672592","1447 HWY 6 SUITE #140, SUGAR LAND, TX, 77478","Match","Non_Exact","1447 STATE HWY 6, SUGAR LAND, TX, 77479","-95.632193420871,29.602041883183","637956843","R","48","157","672100","1001"
"672593","3801 21ST STREET, LUBBOCK, TX, 79410","Match","Exact","3801 21ST ST, LUBBOCK, TX, 79410","-101.89650673024,33.575875704115","185260275","L","48","303","001602","2006"
"672594","2901 SHERWOOD WAY, SUITE 100, SAN ANGELO, TX, 76901","Match","Exact","2901 SHERWOOD WAY, SAN ANGELO, TX, 76901","-100.474914300974,31.447899199088","190679394","L","48","451","001000","5004"
"672590","2309 EAST SAUNDERS STREET, SUITE 200, LAREDO, TX, 78041","Match","Exact","2309 E SAUNDERS ST, LAREDO, TX, 78041","-99.473230931194,27.530481818892","21678289","R","48","479","001101","1008"
"672595","1300 NORTH VIRGINIA STREET, PORT LAVACA, TX, 77979","Match","Exact","1300 NORTH VIRGINIA ST, PORT LAVACA, TX, 77979","-96.634948243761,28.624894742843","656266771","R","48","057","000100","3028"
"672596","1407 TAHOKA RD, BROWNFIELD, TX, 79316","Match","Exact","1407 TAHOKA RD, BROWNFIELD, TX, 79316","-102.256713453571,33.181105324008","185891936","R","48","445","950400","7003"
"672566","4602 BENCHA ROAD, LAREDO, TX, 78041","Match","Non_Exact","4602 BEN-CHA RD, LAREDO, TX, 78043","-99.44676714821,27.502902015392","635330215","R","48","479","001825","1001"
"672568","6551 HARRIS PARKWAY, FORT WORTH, TX, 76132","Match","Exact","6551 HARRIS PKWY, FORT WORTH, TX, 76132","-97.419373106539,32.655113675071","102111292","L","48","439","105518","2000"
"672562","9001 Kirby Drive, Houston, TX, 77054","No_Match"
"672563","1595 SOUTH MAIN SUITE 107, BOERNE, TX, 78006","Match","Non_Exact","1595 S MAIN ST, BOERNE, TX, 78006","-98.720527418298,29.772231322575","102757538","R","48","259","970500","4010"
"672564","5148 SOUTH LANCASTER, SUITE B, DALLAS, TX, 75241","No_Match"
"672565","1202 CENTRAL TEXAS EXPRESSWAY, LAMPASAS, TX, 76550","Match","Exact","1202 CENTRAL TEXAS EXPY, LAMPASAS, TX, 76550","-98.167946082153,31.059445398772","146690530","R","48","281","950500","3000"
"742599","1923 Marsha Sharp Freeway Suite 102, Lubbock, TX, 79415","No_Match"
"672570","3226 UNIVERSITY DRIVE, NACOGDOCHES, TX, 75965","Match","Non_Exact","3226 N UNIVERSITY DR, NACOGDOCHES, TX, 75965","-94.640053362797,31.635481995845","636375055","R","48","347","950502","3007"
"672571","8340 COFFEE, HOUSTON, TX, 77033","Match","Non_Exact","8340 COFFEE ST, HOUSTON, TX, 77033","-95.353647471407,29.669275060914","233359283","L","48","201","332000","2042"
"672572","103 WEST AHLDAG STREET, WHARTON, TX, 77488","Match","Non_Exact","103 W AHLDAG AVE, WHARTON, TX, 77488","-96.092352477489,29.330792041466","42487606","L","48","481","740200","2026"
"672577","5000 BAPTIST HEALTH DR STE 124, SCHERTZ, TX, 78154","Match","Exact","5000 BAPTIST HEALTH DR, SCHERTZ, TX, 78154","-98.274329111804,29.598579590007","617381152","L","48","187","210711","1014"
"672578","1369 S MAIN STREET, BOERNE, TX, 78006","Match","Exact","1369 S MAIN ST, BOERNE, TX, 78006","-98.72662586157,29.777324000122","658315281","R","48","259","970500","4011"
"672579","117 EAST HARWOOD ROAD, HURST, TX, 76054","Match","Exact","117 E HARWOOD RD, HURST, TX, 76054","-97.169698376296,32.8502444843","102167253","L","48","439","113612","1024"
"672573","12245 ROJAS DRIVE, EL PASO, TX, 79936","Match","Exact","12245 ROJAS DR, EL PASO, TX, 79936","-106.287828985758,31.710656111695","189404094","L","48","141","010338","1016"
"672574","3801 LAKEVIEW PARKWAY, SUITE 100, ROWLETT, TX, 75088","No_Match"
"672575","5601 LOCKE AVENUE, FORT WORTH, TX, 76107","Match","Exact","5601 LOCKE AVE, FORT WORTH, TX, 76107","-97.406136524526,32.732043669649","101880737","L","48","439","102601","2010"
"672576","1201 NORTH LAKELINE BLVD., CEDAR PARK, TX, 78613","Match","Exact","1201 N LAKELINE BLVD, CEDAR PARK, TX, 78613","-97.852212464088,30.516879969272","641087611","R","48","491","020354","2013"
"672580","805 N. BECKLEY AVENUE, DALLAS, TX, 75203","Match","Exact","805 N BECKLEY AVE, DALLAS, TX, 75203","-96.822941838035,32.752327772079","102946285","L","48","113","004201","2024"
"672581","9301 PINECROFT DR, SHENANDOAH, TX, 77380","Match","Exact","9301 PINECROFT DR, SHENANDOAH, TX, 77380","-95.456544794475,30.173200918389","79302902","R","48","339","691700","1002"
"052855","10532 Acacia Street, Suite B2-B3, Rancho Cucamonga, CA, 91730","Match","Non_Exact","10532 ACACIA ST, RANCHO CUCAMONGA, CA, 91730","-117.575325526895,34.090081630466","144637646","L","06","071","002112","2037"
"052854","15757 E. Valley Blvd., City of Industry, CA, 91744","Match","Exact","15757 E VALLEY BLVD, CITY OF INDUSTRY, CA, 91744","-117.955553401182,34.01775060186","639059108","L","06","037","980035","1061"
"452880","8325 Beechnut, HOUSTON, TX, 77036","Match","Non_Exact","8325 BEECHNUT ST, HOUSTON, TX, 77036","-95.530502161116,29.692514764664","96608828","L","48","201","433300","3018"
"052853","4 WILLOW GLEN AVENUE, Oakdale, CA, 95361","Match","Exact","4 WILLOW GLEN AVE, OAKDALE, CA, 95361","-120.867915289111,37.758048997595","102587809","L","06","099","000201","1000"
"052852","8151 Beverly Blvd., Los Angeles, CA, 90048","Match","Exact","8151 BEVERLY BLVD, LOS ANGELES, CA, 90048","-118.367369046363,34.076135495212","141598305","R","06","037","194500","2009"
"052859","1427 S. Glendale Avenue, Glendale, CA, 91205","Match","Exact","1427 S GLENDALE AVE, GLENDALE, CA, 91205","-118.252825197108,34.128417923138","141610305","R","06","037","302505","1010"
"052858","11854 S. Wilmington  Avenue, Los Angeles, CA, 90059","Match","Exact","11854 S WILMINGTON AVE, LOS ANGELES, CA, 90059","-118.238888126446,33.925505080867","141674358","L","06","037","540600","2006"
"052857","7000 STOCKTON BLVD., SACRAMENTO, CA, 95823","Match","Exact","7000 STOCKTON BLVD, SACRAMENTO, CA, 95823","-121.43076773245,38.499484153998","133352741","R","06","067","004701","2008"
"052856","516 E. Washington Blvd., Los Angeles, CA, 90015","Match","Exact","516 E WASHINGTON BLVD, LOS ANGELES, CA, 90015","-118.260223219993,34.028864390577","647544865","R","06","037","226001","1013"
"052850","9267 GREENBACK LANE #A2, ORANGEVALE, CA, 95662","Match","Exact","9267 GREENBACK LN, ORANGEVALE, CA, 95662","-121.209671353754,38.678281309124","133427333","L","06","067","008208","3009"
"452875","7115 NORTH LOOP EAST, HOUSTON, TX, 77028","No_Match"
"452872","2000 S. CYNTHIA STREET, MCALLEN, TX, 78503","Match","Exact","2000 S CYNTHIA ST, MCALLEN, TX, 78503","-98.220187023807,26.183106350784","628029853","R","48","215","021204","2038"
"452873","1216 E 8TH ST, ODESSA, TX, 79761","Match","Exact","1216 E 8TH ST, ODESSA, TX, 79761","-102.360113814295,31.856850314658","139430736","R","48","135","001500","3049"
"452870","1005 S. AIRPORT DRIVE, WESLACO, TX, 78596","Match","Exact","1005 S AIRPORT DR, WESLACO, TX, 78596","-97.974328428529,26.150436010599","71526405","R","48","215","022704","4003"
"052844","4345 E. Imperial Highway, Lynwood, CA, 90262","Match","Non_Exact","4345 IMPERIAL HWY, LYNWOOD, CA, 90262","-118.18458721065,33.930858848511","655819321","L","06","037","540101","1010"
"052843","433 N. 4th. St., Suite 102, Montebello, CA, 90640","Match","Exact","433 N 4TH ST, MONTEBELLO, CA, 90640","-118.102080520335,34.015572326856","142740430","L","06","037","530101","4000"
"052842","950 Hacienda Drive, Vista, CA, 92081","Match","Exact","950 HACIENDA DR, VISTA, CA, 92081","-117.261663058901,33.193442549084","195448423","L","06","073","019701","1001"
"052841","3100 DELTA FAIR BLVD, ANTIOCH, CA, 94509","Match","Exact","3100 DELTA FAIR BLVD, ANTIOCH, CA, 94509","-121.838106676108,38.00137065883","607733916","R","06","013","307205","1001"
"052848","3470 La Sierra Avenue, Suite E, Riverside, CA, 92503","Match","Non_Exact","3470 LA SIERRA AVE, RIVERSIDE, CA, 92503","-117.471742386125,33.897893987037","194737610","L","06","065","041404","2002"
"052847","1540 W. Covina Parkway, West Covina, CA, 91790","Match","Non_Exact","1540 W WEST COVINA PKWY, WEST COVINA, CA, 91790","-117.939846527531,34.069993121159","241245490","L","06","037","406702","1004"
"052845","254 JACKSON STREET, HAYWARD, CA, 94544","Match","Exact","254 JACKSON ST, HAYWARD, CA, 94544","-122.085795251048,37.660012251258","125021301","L","06","001","436302","3007"
"052840","1045 Atlantic Avenue, Suite 108, Long Beach, CA, 90813","Match","Exact","1045 ATLANTIC AVE, LONG BEACH, CA, 90813","-118.18509760948,33.779801899875","657134876","L","06","037","576301","4011"
"452869","13855 SOUTHWEST FREEWAY, SUGAR LAND, TX, 77478","Match","Exact","13855 SW FWY, SUGAR LAND, TX, 77478","-95.59901995809,29.622739970907","227765443","R","48","157","671700","2007"
"452867","510  S. SW LOOP 323, TYLER, TX, 75702","Tie"
"452865","6945 ALAMO DOWNS PARKWAY, SAN ANTONIO, TX, 78238","Match","Exact","6945 ALAMO DOWNS PKWY, SAN ANTONIO, TX, 78238","-98.621216213165,29.456517159161","101565474","L","48","029","181602","1013"
"452866","8604 SOUTH COULTER STREET, AMARILLO, TX, 79119","Match","Exact","8604 S COULTER ST, AMARILLO, TX, 79119","-101.919897087429,35.120532928671","647391107","L","48","381","021611","2016"
"452863","550 S CARRIER PARKWAY, GRAND PRAIRIE, TX, 75051","Match","Exact","550 S CARRIER PKWY, GRAND PRAIRIE, TX, 75051","-97.014583053648,32.739564254752","103194327","R","48","113","016100","2012"
"452864","134 CAMINO DE ORO, SAN ANTONIO, TX, 78224","Match","Exact","134 CAM DE ORO, SAN ANTONIO, TX, 78224","-98.550374628688,29.354615744815","101684916","L","48","029","151200","2004"
"452861","2009 HOSPITAL PLACE, ABILENE, TX, 79606","Match","Exact","2009 HOSPITAL PL, ABILENE, TX, 79606","-99.747520337319,32.374644150682","129970632","R","48","441","012701","1004"
"452862","4740 W BELLFORT AVE. STE A, HOUSTON, TX, 77035","Match","Non_Exact","4740 W BELLFORT ST, HOUSTON, TX, 77035","-95.457908263032,29.672199558121","96604501","R","48","201","420300","3009"
"052832","Probst Building 39000 Bob Hope Drive, Suite 103, Rancho Mirage, CA, 92270","Match","Non_Exact","39000 BOB HOPE DR, RANCHO MIRAGE, CA, 92270","-116.408103045147,33.763261750448","609004122","L","06","065","044918","3004"
"052831","2386 BUCHANAN ROAD, ANTIOCH, CA, 94509","Match","Exact","2386 BUCHANAN RD, ANTIOCH, CA, 94509","-121.843991269151,37.998022793357","650258157","R","06","013","307205","2001"
"052830","351 E. Birch St, Calexico, CA, 92231","No_Match"
"052837","300 S. Robertson Blvd., Los Angeles, CA, 90048","Match","Exact","300 S ROBERTSON BLVD, LOS ANGELES, CA, 90048","-118.383699562218,34.073526879211","141572339","L","06","037","214902","1012"
"052836","44 Tu Su Lane, Bishop, CA, 93514","Match","Non_Exact","44 N TU SU LN, BISHOP, CA, 93514","-118.418266512439,37.361995898932","655806904","R","06","027","000400","1026"
"052835","1181 Broadway, Suite 5, Chula Vista, CA, 91911","Match","Exact","1181 BROADWAY, CHULA VISTA, CA, 91911","-117.080201182056,32.607505617221","195357539","L","06","073","013104","3001"
"052834","2227 El Camino Real, Oceanside, CA, 92054","Match","Non_Exact","2227 S EL CAMINO REAL, OCEANSIDE, CA, 92054","-117.328260005333,33.185942336096","195419787","R","06","073","018504","4007"
"452898","2010 SOUTH LOOP 336 WEST, CONROE, TX, 77304","Match","Exact","2010 S LOOP 336 W, CONROE, TX, 77304","-95.474474994345,30.282310073959","653239241","L","48","339","693303","1010"
"052839","3501 MALL VIEW RD, Bakersfield, CA, 93306","Match","Exact","3501 MALL VIEW RD, BAKERSFIELD, CA, 93306","-118.954203042967,35.39485738339","109422968","L","06","029","000904","1004"
"452896","1800 HWY 157 N., MANSFIELD, TX, 76063","Tie"
"052838","127 W. Pine Avenue, Lompoc, CA, 93436","Match","Exact","127 W PINE AVE, LOMPOC, CA, 93436","-120.458248873593,34.650254679127","108663856","L","06","083","002705","2002"
"452897","510 US Hwy 271 N, GILMER, TX, 75644","Match","Non_Exact","510 US HWY 271, GILMER, TX, 75644","-94.942508825525,32.733957229521","147609255","R","48","459","950301","3016"
"452895","7831 WESTCHASE, SAN ANTONIO, TX, 78238","No_Match"
"452892","6114 SOUTH 1ST STREET, AUSTIN, TX, 78745","Match","Exact","6114 S 1ST ST, AUSTIN, TX, 78745","-97.784623069678,30.2023523698","63949399","R","48","453","002410","2002"
"452893","913 E. PINECREST DRIVE, MARSHALL, TX, 75670","Match","Exact","913 E PINECREST DR, MARSHALL, TX, 75670","-94.358427713753,32.526937131303","141174951","L","48","203","020501","4027"
"052822","5352 CLAREMONT AVE, OAKLAND, CA, 94618","Match","Non_Exact","5352 CLAREMONT, OAKLAND, CA, 94618","-122.258750043322,37.84130549246","617282502","R","06","001","400300","3006"
"452890","206 CONQUEST BLVD, EDINBURG, TX, 78539","Match","Non_Exact","206 CONQUEST AVE, EDINBURG, TX, 78539","-98.173151120273,26.257372415424","632511505","R","48","215","023804","3025"
"052821","1149 W. 190th Street, Suite 1004, Gardena, CA, 90248","Match","Exact","1149 W 190TH ST, GARDENA, CA, 90248","-118.29605436745,33.858374853245","141667807","R","06","037","292001","1003"
"452891","812 US HIGHWAY 271 N, GILMER, TX, 75644","No_Match"
"052820","120 W. Foothill Blvd., Glendora, CA, 91740","Match","Non_Exact","120 W FOOTHILL BLVD, GLENDORA, CA, 91741","-117.865770960985,34.135996571952","141710404","L","06","037","401102","2000"
"052826","4612 ROSEVILLE ROAD SUITE 100, NORTH HIGHLANDS, CA, 95660","Match","Exact","4612 ROSEVILLE RD, NORTH HIGHLANDS, CA, 95660","-121.390184946953,38.652032562642","641230073","R","06","067","007301","3048"
"452889","1105 EAST BROADWAY ST, CUERO, TX, 77954","Match","Exact","1105 E BROADWAY ST, CUERO, TX, 77954","-97.273860547427,29.087845737771","44115821","L","48","123","970300","4034"
"452887","4240 INTERNATIONAL PARKWAY, CARROLLTON, TX, 75007","Match","Exact","4240 INTERNATIONAL PKWY, CARROLLTON, TX, 75007","-96.849222255567,33.024468581528","640390752","L","48","121","021632","3012"
"052829","242 E. Harvard Blvd., Santa Paula, CA, 93060","Match","Exact","242 E HARVARD BLVD, SANTA PAULA, CA, 93060","-119.068547377137,34.347263863683","110051962","R","06","111","000600","4007"
"052828","2021 S. Flower Street, Los Angeles, CA, 90007","Match","Exact","2021 S FLOWER ST, LOS ANGELES, CA, 90007","-118.271880459205,34.03226273514","141618987","R","06","037","224020","1016"
"452885","2403 STATE HIGHWAY 42 N, KILGORE, TX, 75662","Match","Non_Exact","2403 N STATE HWY 42, KILGORE, TX, 75662","-94.869022841888,32.397176285545","141105679","L","48","183","010700","2005"
"052827","14600 Roscoe Blvd., Panorama City, CA, 91402","Match","Exact","14600 ROSCOE BLVD, PANORAMA CITY, CA, 91402","-118.450796574183,34.22145446215","640424394","L","06","037","120020","2000"
"452886","5989 SOUTH LOOP EAST, HOUSTON, TX, 77033","Match","Exact","5989 SOUTH LOOP E, HOUSTON, TX, 77033","-95.328704581349,29.691152942475","647037308","L","48","201","313400","2002"
"452883","3826 TROUP HIGHWAY, SUITE # L, TYLER, TX, 75703","Match","Non_Exact","3826 TROUP HWY, TYLER, TX, 75703","-95.27239309632,32.308559339137","141316380","R","48","423","002003","1004"
"452881","16010 PARK VALLEY DRIVE, ROUND ROCK, TX, 78681","No_Match"
"452882","3824 TROUP HIGHWAY, TYLER, TX, 75703","Match","Exact","3824 TROUP HWY, TYLER, TX, 75703","-95.272453420834,32.308661772448","141315429","R","48","423","002003","1004"
"052811","1043 Marsh Street, San Luis Obispo, CA, 93401","Match","Exact","1043 MARSH ST, SAN LUIS OBISPO, CA, 93401","-120.659612726925,35.280560842384","109732174","R","06","079","011101","3007"
"672500","450 THIS WAY STREET Suite A, LAKE JACKSON, TX, 77566","Match","Non_Exact","450 THIS WAY, LAKE JACKSON, TX, 77566","-95.45599041966,29.039454712786","116634875","R","48","039","663400","1001"
"052810","560 1st Street, BENICIA, CA, 94510","Match","Exact","560 1ST ST, BENICIA, CA, 94510","-122.159339308687,38.048616589449","192530719","R","06","095","252000","2012"
"672501","5800 WOODROW BEAN, EL PASO, TX, 79924","Match","Exact","5800 WOODROW BEAN, EL PASO, TX, 79924","-106.406633818137,31.898771296798","636492553","R","48","141","000204","1007"
"672502","1200 ST CLAIRE BLVD, MISSION, TX, 78572","Match","Exact","1200 ST CLAIRE BLVD, MISSION, TX, 78572","-98.318390068661,26.195085733296","656239629","L","48","215","020405","1003"
"672503","11515 MARKET STREET RD, Houston, TX, 77029","Match","Exact","11515 MARKET STREET RD, HOUSTON, TX, 77029","-95.231553403356,29.767789667999","96096367","L","48","201","233400","1009"
"052815","610 HEGENBERGER RD, OAKLAND, CA, 94621","Match","Non_Exact","610 HEGENBERGER, OAKLAND, CA, 94621","-122.1957560714,37.745793729931","606157565","R","06","001","409000","1003"
"052814","425 BEVERLY PLACE, SUITE A, TRACY, CA, 95376","Match","Non_Exact","425 BEVERLY PL, TRACY, CA, 95376","-121.431870559171,37.7450271107","133853957","R","06","077","005303","3005"
"052813","1001 POTRERO BLDG. 100, ROOM 342, SAN FRANCISCO, CA, 94110","Match","Non_Exact","1001 POTRERO AVE, SAN FRANCISCO, CA, 94110","-122.406558173941,37.756114285811","192301329","L","06","075","022802","2005"
"052812","737 W. Hobson Way, Blythe, CA, 92225","Match","Exact","737 W HOBSONWAY, BLYTHE, CA, 92225","-114.604537870124,33.610289138257","194681967","R","06","065","046102","1017"
"672509","6107 FM 2100, CROSBY, TX, 77532","Match","Non_Exact","6107 FM 2100 RD, CROSBY, TX, 77532","-95.069699213437,29.914742304997","645487486","L","48","201","251902","3034"
"672504","1724 BIRMINGHAM ROAD, COLLEGE STATION, TX, 77845","Match","Exact","1724 BIRMINGHAM RD, COLLEGE STATION, TX, 77845","-96.289109764217,30.578749772647","654964745","L","48","041","001804","1012"
"672505","2223 Singleton Blvd, Dallas, TX, 75212","Match","Exact","2223 SINGLETON BLVD, DALLAS, TX, 75212","-96.85828648299,32.778773776373","102904446","R","48","113","020500","1003"
"672506","2011 E. HOUSTON, SUITE 102D, SAN ANTONIO, TX, 78202","Match","Non_Exact","2011 E HOUSTON ST, SAN ANTONIO, TX, 78202","-98.465358263688,29.425124776563","101528564","L","48","029","191900","2035"
"672507","19910 INTERSTATE 35 S, Lytle, TX, 78052","No_Match"
"452838","1978 EPHRIHAM AVENUE, FORT WORTH, TX, 76164","Match","Exact","1978 EPHRIHAM AVE, FORT WORTH, TX, 76164","-97.378787224643,32.788923273489","102161793","R","48","439","100503","1043"
"452836","1502 Midlane Dr Ste 101, HARLINGEN, TX, 78552","No_Match"
"452837","4625 CENTER ST, DEER PARK, TX, 77536","Match","Exact","4625 CENTER ST, DEER PARK, TX, 77536","-95.122943911598,29.667361379876","96106529","R","48","201","342900","1007"
"452834","1914 Caroline Street, HOUSTON, TX, 77002","Match","Exact","1914 CAROLINE ST, HOUSTON, TX, 77002","-95.367809491844,29.748559095828","96067678","R","48","201","100001","1108"
"452835","1085 S. 23rd STREET, BEAUMONT, TX, 77707","Match","Exact","1085 S 23RD ST, BEAUMONT, TX, 77707","-94.142947272632,30.065858407756","653222598","L","48","245","001301","4031"
"052819","2000 SOUTH EL CAMINO REAL, SAN MATEO, CA, 94403","Match","Exact","2000 S EL CAMINO REAL, SAN MATEO, CA, 94403","-122.309857395129,37.548217191144","192379691","R","06","081","607400","1007"
"452832","300 S Park Blvd, Grapevine, TX, 76051","Match","Exact","300 S PARK BLVD, GRAPEVINE, TX, 76051","-97.098827208169,32.938441164479","102183506","L","48","439","113712","2006"
"052818","UCSD Dialysis Center, San Diego, CA, 92103","No_Match"
"452833","1265 ROCK CANYON DR, KATY, TX, 77450","Match","Exact","1265 ROCK CANYON DR, KATY, TX, 77450","-95.754897068576,29.764520907803","96130850","L","48","201","455103","1002"
"052817","1275 W. ""C"" Street, Colton, CA, 92324","No_Match"
"452830","930 MARVIN HANCOCK DRIVE, JASPER, TX, 75951","Match","Exact","930 MARVIN HANCOCK DR, JASPER, TX, 75951","-94.008025706399,30.912172905617","32383823","R","48","241","950300","2003"
"052816","655 Helen Runyon Dr, Barstow, CA, 92311","No_Match"
"452831","730 W. HIGHWAY 6, WACO, TX, 76712","Tie"
"052800","253 March Street, Santa Paula, CA, 93060","Match","Exact","253 MARCH ST, SANTA PAULA, CA, 93060","-119.078116742741,34.349314111117","109987578","L","06","111","000701","2007"
"672514","910 NORTH MCCULLOUGH STREET, SAN BENITO, TX, 78586","Match","Exact","910 N MCCULLOUGH ST, SAN BENITO, TX, 78586","-97.619846156682,26.133576518926","639235368","R","48","061","011401","1012"
"052804","9142 Monte Vista Ave, Montclair, CA, 91763","Match","Exact","9142 MONTE VISTA AVE, MONTCLAIR, CA, 91763","-117.698322324146,34.088015135501","145219243","R","06","071","000201","2024"
"052803","1309 E. Carson Street, Carson, CA, 90745","Match","Exact","1309 E CARSON ST, CARSON, CA, 90745","-118.250963084362,33.831695087141","142766845","L","06","037","543306","1003"
"052802","21602 S. Vermont Avenue, Torrance, CA, 90502","Match","Exact","21602 S VERMONT AVE, TORRANCE, CA, 90502","-118.290230269104,33.832624484432","655793748","L","06","037","543503","2001"
"052801","5108 W Sunset Blvd., Los Angeles, CA, 90027","Match","Non_Exact","5108 SUNSET BLVD, LOS ANGELES, CA, 90027","-118.300869223364,34.098065844311","141603234","L","06","037","191110","1000"
"672510","8119 SOUTH FLORES STREET, SAN ANTONIO, TX, 78221","Match","Exact","8119 S FLORES ST, SAN ANTONIO, TX, 78221","-98.485849576412,29.344837028402","640623021","R","48","029","151600","1006"
"672519","4602 E. SOUTHCROSS BLVD, SAN ANTONIO, TX, 78222","Match","Exact","4602 E SOUTHCROSS BLVD, SAN ANTONIO, TX, 78222","-98.402229497104,29.374515535403","637822782","R","48","029","141300","3001"
"672515","5284 MEDICAL DRIVE, SAN ANTONIO, TX, 78229","Match","Exact","5284 MEDICAL DR, SAN ANTONIO, TX, 78229","-98.589462046577,29.509148277228","101732813","R","48","029","181402","2007"
"672517","5000 CAMPUS DRIVE, FORT WORTH, TX, 76119","Match","Exact","5000 CAMPUS DR, FORT WORTH, TX, 76119","-97.297500777247,32.675064299618","102152470","R","48","439","105902","1022"
"452829","3939  MEDICAL DRIVE, SAN ANTONIO, TX, 78229","Match","Exact","3939 MEDICAL DR, SAN ANTONIO, TX, 78229","-98.560193333486,29.519956161702","650071577","R","48","029","181003","3001"
"452827","1515 N US HWY 281 STE 211, Marble Falls, TX, 78654","Match","Non_Exact","1515 US HWY 281, MARBLE FALLS, TX, 78654","-98.273217859156,30.585438418813","214042716","R","48","053","960702","1033"
"452828","8700 N STEMMONS FWY STE 135, DALLAS, TX, 75247","Match","Exact","8700 N STEMMONS FWY, DALLAS, TX, 75247","-96.873522595695,32.830727442623","102894351","R","48","113","010001","2034"
"452825","423 OLD AUSTIN HIGHWAY, BASTROP, TX, 78602","No_Match"
"452826","1300  S. ROGERS STREET, WAXAHACHIE, TX, 75165","Match","Exact","1300 S ROGERS ST, WAXAHACHIE, TX, 75165","-96.862313548609,32.375053103318","103450714","L","48","139","060500","1023"
"452823","6801 MCPHERSON ROAD, LAREDO, TX, 78041","Match","Exact","6801 MCPHERSON RD, LAREDO, TX, 78041","-99.473185404958,27.564679379098","21669068","R","48","479","001602","2004"
"052808","23141 Plaza Pointe Drive, Laguna Hills, CA, 92653","Match","Exact","23141 PLAZA POINTE DR, LAGUNA HILLS, CA, 92653","-117.723253215313,33.626892616108","144417253","L","06","059","062622","4008"
"452821","4653 BINZ ENGLEMAN ROAD, KIRBY, TX, 78219","Match","Exact","4653 BINZ-ENGLEMAN RD, KIRBY, TX, 78219","-98.401554475957,29.459382335373","101536176","L","48","029","131503","1013"
"052807","26900 Cactus Avenue, Moreno Valley, CA, 92555","Match","Exact","26900 CACTUS AVE, MORENO VALLEY, CA, 92555","-117.193632203953,33.910187463848","637764834","L","06","065","048700","1003"
"452822","3402 North Buckner Blvd, Dallas, TX, 75228","Match","Exact","3402 N BUCKNER BLVD, DALLAS, TX, 75228","-96.682049377704,32.802135109699","103231747","R","48","113","012302","5003"
"052806","3705 S. La Brea Avenue, Los Angeles, CA, 90016","Match","Exact","3705 S LA BREA AVE, LOS ANGELES, CA, 90016","-118.355656340876,34.019844887698","141601428","R","06","037","236001","1000"
"052805","36O CROWN POINT CIRCLE, SUITE 210, GRASS VALLEY, CA, 95945","No_Match"
"452820","1301 EAST RIDGE ROAD, MCALLEN, TX, 78503","Match","Exact","1301 E RIDGE RD, MCALLEN, TX, 78503","-98.208955100879,26.183927802713","607628185","L","48","215","021204","2005"
"052809","1801 S. La Cienega Blvd., Los Angeles, CA, 90035","Match","Exact","1801 S LA CIENEGA BLVD, LOS ANGELES, CA, 90035","-118.376888922237,34.044475350488","141575020","R","06","037","269601","3000"
"452859","908 STATE HWY 456, JACKSONVILLE, TX, 75766","No_Match"
"452856","8797 9TH AVENUE, PORT ARTHUR, TX, 77642","Match","Exact","8797 9TH AVE, PORT ARTHUR, TX, 77642","-93.985464167277,29.953835447625","639880466","R","48","245","007004","1000"
"452857","6200 LBJ FREEWAY SUITE 100, DALLAS, TX, 75240","Match","Exact","6200 LYNDON B JOHNSON FWY, DALLAS, TX, 75240","-96.799230617603,32.924337432175","638367602","R","48","113","013201","1002"
"452855","1006 NORTH CARRIER PARKWAY, GRAND PRAIRIE, TX, 75050","Match","Exact","1006 N CARRIER PKWY, GRAND PRAIRIE, TX, 75050","-97.017610123966,32.754354762977","103266589","L","48","113","015500","1008"
"452853","4151 JAIME ZAPATA MEMORIAL HWY, LAREDO, TX, 78046","No_Match"
"452850","1830 BROADWAY, PEARLAND, TX, 77581","Match","Non_Exact","1830 E BROADWAY, PEARLAND, TX, 77581","-95.239532027989,29.547717575073","116630779","R","48","039","660303","3001"
"452851","230 KNOLLWOOD DR, SAN ANTONIO, TX, 78227","Match","Exact","230 KNOLLWOOD DR, SAN ANTONIO, TX, 78227","-98.646716471723,29.393199119168","101507150","L","48","029","161600","2042"
"452849","301 Greenville Hwy, Mineola, TX, 75773","Match","Non_Exact","301 GREENVILLE AVE, MINEOLA, TX, 75773","-95.486638089362,32.675649709121","42981075","L","48","499","950800","2007"
"452847","24968 KATY RANCH RD UNIT 500, KATY, TX, 77494","Match","Exact","24968 KATY RANCH RD, KATY, TX, 77494","-95.796042135786,29.782149561364","649182599","L","48","201","455300","1009"
"452848","3304 OLTON ROAD, PLAINVIEW, TX, 79072","Match","Exact","3304 OLTON RD, PLAINVIEW, TX, 79072","-101.744253266451,34.186013906659","185696737","R","48","189","950300","4049"
"452845","6516  BROADWAY, PEARLAND, TX, 77581","Match","Non_Exact","6516 BROADWAY ST, PEARLAND, TX, 77581","-95.320543743649,29.559326060927","116630982","L","48","039","660803","1002"
"452846","1900 N. EXPRESSWAY, SUITE E, BROWNSVILLE, TX, 78521","No_Match"
"452844","3800 HUGHES COURT, DICKINSON, TX, 77539","Match","Exact","3800 HUGHES CT, DICKINSON, TX, 77539","-95.078194064658,29.445615287606","96702727","L","48","167","720601","1010"
"452841","304 Epps Street, Center, TX, 75935","Match","Exact","304 EPPS ST, CENTER, TX, 75935","-94.190006744823,31.810680352805","67872227","R","48","419","950402","2019"
"452842","1301 BARBARA  JORDAN BLVD, AUSTIN, TX, 78723","Match","Exact","1301 BARBARA JORDAN BLVD, AUSTIN, TX, 78723","-97.707519967737,30.305826420044","627053830","R","48","453","000309","3007"
"452840","8515 Fannin Street, HOUSTON, TX, 77054","Match","Exact","8515 FANNIN ST, HOUSTON, TX, 77054","-95.403132917467,29.682017015861","657474233","L","48","201","314005","1004"
"552771","1836 SIERRA GARDENS DR., SUITE 150, ROSEVILLE, CA, 95661","Match","Exact","1836 SIERRA GARDENS DR, ROSEVILLE, CA, 95661","-121.261084499233,38.747273005479","106765308","R","06","061","020717","1035"
"742612","4443 E Southcross Blvd, San Antonio, TX, 78222","Match","Exact","4443 E SOUTHCROSS BLVD, SAN ANTONIO, TX, 78222","-98.406016773286,29.375026896931","101547089","L","48","029","141300","2010"
"552770","11883 Amethyst Road, VICTORVILLE, CA, 92392","Match","Exact","11883 AMETHYST RD, VICTORVILLE, CA, 92392","-117.36423747204,34.46663137332","616141217","R","06","071","010009","1003"
"742610","917 10th Street, Floresville, TX, 78114","Match","Exact","917 10TH ST, FLORESVILLE, TX, 78114","-98.155300016107,29.143750896217","54878946","L","48","493","000300","3019"
"742611","834 W HIGHWAY 82 STE 105, Gainesville, TX, 76240","Match","Non_Exact","834 US HWY 82, GAINESVILLE, TX, 76240","-97.138248884741,33.640968122831","604736635","R","48","097","000500","1014"
"552764","3541 W 5th Street, Ste.A, OXNARD, CA, 93030","Match","Non_Exact","3541 W 5TH ST, OXNARD, CA, 93030","-119.218693578762,34.197596727567","649766296","R","06","111","002905","1054"
"552763","1800 NORTH TEXAS STREET, FAIRFIELD, CA, 94533","Match","Exact","1800 N TEXAS ST, FAIRFIELD, CA, 94533","-122.034154508609,38.26203185367","655809812","R","06","095","252606","2000"
"552762","2084 Otay Lakes Rd Ste 101, CHULA VISTA, CA, 91915","Match","Exact","2084 OTAY LAKES RD, CHULA VISTA, CA, 91915","-116.97266481889,32.645213362075","657504002","R","06","073","013323","3000"
"552761","1700 California Street, Suite 260, SAN FRANCISCO, CA, 94109","Match","Exact","1700 CALIFORNIA ST, SAN FRANCISCO, CA, 94109","-122.422503141238,37.790405465068","192280133","R","06","075","013102","1005"
"552768","1700 KEYSTONE PACIFIC PARKWAY, SUITE A-1, PATTERSON, CA, 95363","Match","Exact","1700 KEYSTONE PACIFIC PKWY, PATTERSON, CA, 95363","-121.159205425083,37.475924107248","102647778","L","06","099","003300","2103"
"552767","888 SOUTH BASCOM AVE, SAN JOSE, CA, 95128","Match","Exact","888 S BASCOM AVE, SAN JOSE, CA, 95128","-121.931719609085,37.311021312862","123015479","L","06","085","502103","1011"
"552766","1324 S EUCLID STREET, ANAHEIM, CA, 92802","Match","Exact","1324 S EUCLID ST, ANAHEIM, CA, 92802","-117.941346076932,33.814899489993","635482008","L","06","059","087601","3000"
"552765","3001 HEALTH CARE WAY BLDG 200, MODESTO, CA, 95356","Match","Exact","3001 HEALTH CARE WAY, MODESTO, CA, 95356","-121.05017445673,37.708627288348","643010342","R","06","099","000501","2041"
"552769","422 Oak Street, BAKERSFIELD, CA, 93304","Match","Exact","422 OAK ST, BAKERSFIELD, CA, 93304","-119.038735407419,35.361637758181","109088586","R","06","029","001901","3004"
"552760","3001 HEALTH CARE WAY, MODESTO, CA, 95356","Match","Exact","3001 HEALTH CARE WAY, MODESTO, CA, 95356","-121.05017445673,37.708627288348","643010342","R","06","099","000501","2041"
"552753","902 Bear Mountain Blvd, ARVIN, CA, 93203","Match","Exact","902 BEAR MOUNTAIN BLVD, ARVIN, CA, 93203","-118.834819301493,35.20912360697","108979863","R","06","029","006301","1015"
"552752","4207 BANGS AVENUE, SUITE 100, MODESTO, CA, 95356","Match","Exact","4207 BANGS AVE, MODESTO, CA, 95356","-121.072262113623,37.704556481896","102623840","L","06","099","000501","2037"
"552757","8219 Rochester Avenue, Ste. 120, RANCHO CUCAMONGA, CA, 91730","Match","Exact","8219 ROCHESTER AVE, RANCHO CUCAMONGA, CA, 91730","-117.545616798506,34.104404714406","144996461","L","06","071","002207","1020"
"552756","247 WEST EL CAMINO REAL SUITE 200, MOUNTAIN VIEW, CA, 94040","Match","Exact","247 W EL CAMINO REAL, MOUNTAIN VIEW, CA, 94040","-122.078439202966,37.382894129847","639658117","L","06","085","509802","1006"
"552755","510 Superior Avenue, Suite 150, NEWPORT BEACH, CA, 92663","Match","Exact","510 SUPERIOR AVE, NEWPORT BEACH, CA, 92663","-117.928868940648,33.630740933313","640489052","R","06","059","063603","3001"
"552754","4300 SONOMA BLVD, SUITE 25, VALLEJO, CA, 94589","No_Match"
"552759","1950 Sunnycrest Dr Ste 1300, FULLERTON, CA, 92835","Match","Exact","1950 SUNNYCREST DR, FULLERTON, CA, 92835","-117.931425737593,33.893225538296","144008573","R","06","059","001706","3003"
"552742","1936 East 1st Street, LOS ANGELES, CA, 90033","Match","Exact","1936 E 1ST ST, LOS ANGELES, CA, 90033","-118.216772798095,34.046184119734","142734171","R","06","037","204410","1006"
"452819","251 UNIVERSITY DR, FORT WORTH, TX, 76107","Match","Exact","251 UNIVERSITY DR, FORT WORTH, TX, 76107","-97.361049709449,32.756078012199","101883770","L","48","439","102000","1046"
"552741","841 & 847 W. Henderson Ave., PORTERVILLE, CA, 93257","Match","Non_Exact","847 W HENDERSON AVE, PORTERVILLE, CA, 93257","-119.036887586484,36.080346693285","607534766","L","06","107","003700","4014"
"452816","8840 TRADEWAY, SAN ANTONIO, TX, 78217","Match","Non_Exact","8840 TRADEWAY ST, SAN ANTONIO, TX, 78217","-98.457287037483,29.520679903252","101715585","R","48","029","121000","5012"
"552740","510 E North Way, DINUBA, CA, 93618","Match","Exact","510 E NORTH WAY, DINUBA, CA, 93618","-119.390440167606,36.549351688184","607512818","R","06","107","000402","1009"
"452817","4302 SESAME DRIVE, HARLINGEN, TX, 78550","Match","Non_Exact","4302 SESAME SQ E, HARLINGEN, TX, 78550","-97.680000521401,26.164936880956","89957575","R","48","061","011801","1012"
"452814","1831 HARROUN, MCKINNEY, TX, 75069","Match","Non_Exact","1831 HARROUN AVE, MCKINNEY, TX, 75069","-96.62924788227,33.214628873111","123491453","L","48","085","030701","2014"
"552746","247 WEST EL CAMINO REAL SUITE 100, MOUNTAIN VIEW, CA, 94040","Match","Exact","247 W EL CAMINO REAL, MOUNTAIN VIEW, CA, 94040","-122.078439202966,37.382894129847","639658117","L","06","085","509802","1006"
"552745","2391 Boswell Road, CHULA VISTA, CA, 91914","Match","Exact","2391 BOSWELL RD, CHULA VISTA, CA, 91914","-116.962576432255,32.655481143079","195671754","L","06","073","013424","2000"
"452812","1220 S PALESTINE STREET, ATHENS, TX, 75751","Match","Exact","1220 S PALESTINE ST, ATHENS, TX, 75751","-95.849500165664,32.181209330131","657747327","L","48","213","951300","2017"
"552744","14204 Prairie Avenue, HAWTHORNE, CA, 90250","Match","Exact","14204 PRAIRIE AVE, HAWTHORNE, CA, 90250","-118.343752447386,33.902926492557","241242732","L","06","037","602505","2002"
"452813","10501 GATEWAY BLVD W STE 610, EL PASO, TX, 79925","Match","Exact","10501 GATEWAY BLVD W, EL PASO, TX, 79925","-106.347097655797,31.754165484246","189407800","L","48","141","004318","1044"
"552743","14251 WINCHESTER BLVD SUITE 100, LOS GATOS, CA, 95032","Match","Exact","14251 WINCHESTER BLVD, LOS GATOS, CA, 95032","-121.963038808898,37.260579573713","638130269","L","06","085","506703","3007"
"452811","116 GALLERY CIRCLE #102, SAN ANTONIO, TX, 78258","No_Match"
"552749","2551 MERCED ST, SAN LEANDRO, CA, 94577","No_Match"
"552748","1545 MEADOWVIEW RD., SUITE 130-180, SACRAMENTO, CA, 95832","Match","Exact","1545 MEADOWVIEW RD, SACRAMENTO, CA, 95832","-121.500817520834,38.481378108453","652200149","L","06","067","004201","2029"
"552747","8231 EAST STOCKTON BLVD. SUITE A, SACRAMENTO, CA, 95828","Match","Non_Exact","8231 E STOCKTON BLVD, SACRAMENTO, CA, 95828","-121.412191239913,38.46125724221","133373286","L","06","067","009320","1000"
"742605","3327 S. Sam Houston Pkwy East, Houston, TX, 77047","Match","Non_Exact","3327 SAM HOUSTON PKWY, HOUSTON, TX, 77038","-95.470704303424,29.936991094148","642866959","R","48","201","533802","4010"
"742606","3400 Northwest Centre Dr., Fort Worth, TX, 76135","Match","Exact","3400 NW CENTER DR, FORT WORTH, TX, 76135","-97.429675921403,32.806168261997","658473418","R","48","439","106600","2006"
"742603","21927 Clay Rd., Katy, TX, 77449","No_Match"
"742601","1515 Medical Parkway, Cedar Park, TX, 78613","Match","Exact","1515 MEDICAL PKWY, CEDAR PARK, TX, 78613","-97.808567432284,30.52989732225","617954003","L","48","491","020352","1000"
"742602","3534 Hickory Tree Rd, Balch Springs, TX, 75180","Match","Exact","3534 HICKORY TREE RD, BALCH SPRINGS, TX, 75180","-96.622584679141,32.721439608859","102979221","L","48","113","017201","1001"
"452809","3100 N STANTON, EL PASO, TX, 79902","Match","Non_Exact","3100 N STANTON ST, EL PASO, TX, 79902","-106.503257712224,31.781085587422","189336865","R","48","141","001502","2017"
"742600","24730 State Highway 249, STE A, Tomball, TX, 77375","No_Match"
"552731","1290 TULLY RD SUITE 60, SAN JOSE, CA, 95122","Match","Exact","1290 TULLY RD, SAN JOSE, CA, 95122","-121.835704401651,37.315640058735","123008705","R","06","085","503211","1000"
"452808","3748 MEEKS DR, Orange, TX, 77632","Match","Exact","3748 MEEKS DR, ORANGE, TX, 77632","-93.74881761292,30.122289219377","635362693","R","48","361","021300","3001"
"552730","6265 COMMERCE BLVD SUITE 156, ROHNERT PARK, CA, 94928","Match","Exact","6265 COMMERCE BLVD, ROHNERT PARK, CA, 94928","-122.709673183052,38.348938649238","605024458","R","06","097","151305","1003"
"452805","1030 E. Hwy. 377, GRANBURY, TX, 76048","Match","Exact","1030 E HWY 377, GRANBURY, TX, 76048","-97.774991583862,32.434898821265","642961367","L","48","221","160206","3007"
"452806","2915 SAULSBURY, TEMPLE, TX, 76504","Match","Non_Exact","2915 SAULSBURY DR, TEMPLE, TX, 76504","-97.369209586882,31.111272253781","146147374","L","48","027","020401","3007"
"452803","1002 HWY 79 NORTH, HENDERSON, TX, 75652","Match","Exact","1002 US HWY 79 N, HENDERSON, TX, 75652","-94.785196562184,32.162381560836","79631971","R","48","401","950700","3014"
"552735","3201 Mall View Road, BAKERSFIELD, CA, 93306","Match","Exact","3201 MALL VIEW RD, BAKERSFIELD, CA, 93306","-118.957502002562,35.394169532989","109422968","L","06","029","000904","1004"
"552734","757 S. Raymond Avenue, PASADENA, CA, 91105","Match","Exact","757 S RAYMOND AVE, PASADENA, CA, 91105","-118.148827869489,34.132158562707","647584261","R","06","037","464000","5018"
"452801","13311 PIKE ROAD, STAFFORD, TX, 77477","Match","Exact","13311 PIKE RD, STAFFORD, TX, 77477","-95.552067402989,29.629794841282","635026141","R","48","157","671800","2048"
"552733","2001 JUNIPERO SERRA BLVD, SUITE 100, DALY CITY, CA, 94014","Match","Exact","2001 JUNIPERO SERRA BLVD, DALY CITY, CA, 94014","-122.47065333897,37.701512913554","192367524","L","06","081","600600","1003"
"452802","280 STRICKLAND DRIVE, ORANGE, TX, 77630","Match","Exact","280 STRICKLAND DR, ORANGE, TX, 77630","-93.768530871068,30.100401208978","653226637","L","48","361","020800","2024"
"552732","2082 Otay Lakes Road, Suite 101, CHULA VISTA, CA, 91915","Match","Exact","2082 OTAY LAKES RD, CHULA VISTA, CA, 91915","-116.972738472359,32.645176323187","657504002","R","06","073","013323","3000"
"552739","646 N. MARKET BLVD, SACRAMENTO, CA, 95834","Match","Exact","646 N MARKET BLVD, SACRAMENTO, CA, 95834","-121.476750586391,38.647260691542","133320023","L","06","067","007019","2050"
"452800","2222 MORGAN AVE #104, CORPUS CHRISTI, TX, 78405","Match","Exact","2222 MORGAN AVE, CORPUS CHRISTI, TX, 78405","-97.413496938954,27.778162281681","178515497","R","48","355","001000","3010"
"552738","275 DI SALVO AVE, SAN JOSE, CA, 95128","Match","Exact","275 DI SALVO AVE, SAN JOSE, CA, 95128","-121.937097029299,37.323976037253","122902985","R","06","085","502001","2006"
"552737","777 LAWRENCE EXPRESSWAY, SANTA CLARA, CA, 95051","No_Match"
"552736","1493 WEBSTER STREET, SAN FRANCISCO, CA, 94115","Match","Exact","1493 WEBSTER ST, SAN FRANCISCO, CA, 94115","-122.431313022007,37.784391438396","192283667","L","06","075","015900","4001"
"052899","2100 W 3rd St. Suite 110 and 105, Los Angeles, CA, 90057","Match","Non_Exact","2100 W 3RD ST, LOS ANGELES, CA, 90057","-118.272751256085,34.062923431075","141616454","L","06","037","208801","1002"
"052898","16255 Laguna Canyon Road, Irvine, CA, 92618","Match","Exact","16255 LAGUNA CANYON RD, IRVINE, CA, 92618","-117.768358785211,33.658735556101","144394016","L","06","059","052518","1025"
"052897","2090 N. Tustin Avenue, Suite 100, Santa Ana, CA, 92705","Match","Non_Exact","2090 OLD TUSTIN AVE, SANTA ANA, CA, 92705","-117.835828210627,33.764370923436","609069547","L","06","059","075405","2001"
"052896","19222 Pioneer Blvd., Suite 101, Cerritos, CA, 90703","Match","Non_Exact","19222 N PIONEER BLVD, CERRITOS, CA, 90703","-118.082022389971,33.85598322475","624248293","L","06","037","554515","1001"
"052891","1525 MERIDIAN AVENUE SUITE 101, SAN JOSE, CA, 95125","Match","Exact","1525 MERIDIAN AVE, SAN JOSE, CA, 95125","-121.913632009746,37.296824232446","657492506","R","06","085","502202","3000"
"052890","44950 Valley Central Way, Suite 108, Lancaster, CA, 93536","Match","Exact","44950 VALLEY CENTRAL WAY, LANCASTER, CA, 93536","-118.173494283404,34.698385804865","637377281","L","06","037","901008","1001"
"052895","32291 Mission Trail, Lake Elsinore, CA, 92530","No_Match"
"052894","46-767 Monroe Street, Suite 101, Indio, CA, 92201","No_Match"
"052893","9945 Lower Azusa Road, Temple City, CA, 91780","Match","Exact","9945 LOWER AZUSA RD, TEMPLE CITY, CA, 91780","-118.050066398455,34.090593111091","141648180","L","06","037","432102","1008"
"052892","471 Nestles Road, Soledad, CA, 93960","Match","Exact","471 NESTLES RD, SOLEDAD, CA, 93960","-121.31913533439,36.414434582352","196836287","R","06","053","011103","2023"
"052403","200 MUIR ROAD, HACIENDA BUILDING, SECOND FLOOR, MARTINEZ, CA, 94553","Match","Non_Exact","200 MUIR RD, MARTINEZ, CA, 94553","-122.110838956754,37.994272303346","192045558","R","06","013","321101","3003"
"052888","2200 PLAZA PARKWAY,  SUITE B1-B4, MODESTO, CA, 95350","Match","Non_Exact","2200 PLAZA PKWY, MODESTO, CA, 95350","-121.034946894129,37.671620907348","102610715","R","06","099","000803","1008"
"052404","2295 South Vineyard Avenue, Ontario, CA, 91761","Match","Exact","2295 S VINEYARD AVE, ONTARIO, CA, 91761","-117.610948763999,34.032728075225","144637047","L","06","071","001803","2033"
"052887","8911 LAKEWOOD DRIVE, STE.16, WINDSOR, CA, 95492","No_Match"
"052886","5961 University Avenue, San Diego, CA, 92115","Match","Exact","5961 UNIVERSITY AVE, SAN DIEGO, CA, 92115","-117.068037194763,32.751526720369","651644134","R","06","073","002703","1001"
"052885","6919 Paradise Valley Road, San Diego, CA, 92139","Match","Exact","6919 PARADISE VALLEY RD, SAN DIEGO, CA, 92139","-117.045537822508,32.689185641232","638570548","R","06","073","003209","1001"
"052407","27200 Iris Avenue, Moreno Valley, CA, 92555","Match","Exact","27200 IRIS AVE, MORENO VALLEY, CA, 92555","-117.191186542796,33.895480832534","631049903","L","06","065","048700","3002"
"052405","2521 Stockton Blvd, SACRAMENTO, CA, 95817","Match","Exact","2521 STOCKTON BLVD, SACRAMENTO, CA, 95817","-121.45577938472,38.552147470878","637743490","L","06","067","001702","3009"
"052406","Childrens Hospital 11234 Anderson St., Rm. 4219, Loma Linda, CA, 92354","Match","Non_Exact","11234 ANDERSON ST, LOMA LINDA, CA, 92354","-117.261200910437,34.049920898083","636687546","R","06","071","007303","3017"
"052889","145 W. Victoria Street, Long Beach, CA, 90805","Match","Non_Exact","145 VICTORIA ST, LONG BEACH, CA, 90805","-118.203351833968,33.864908802984","141683311","R","06","037","570402","2003"
"052880","10116 Rosecrans Avenue, Bellflower, CA, 90706","Match","Exact","10116 ROSECRANS AVE, BELLFLOWER, CA, 90706","-118.117943524533,33.901977853667","640121049","R","06","037","554106","3000"
"052884","16417 E. Whittier Blvd., Whittier, CA, 90603","Match","Non_Exact","16417 WHITTIER BLVD, WHITTIER, CA, 90603","-117.979990013391,33.940053150045","241121017","L","06","037","500203","3018"
"052883","292 Euclid Avenue, Suite 100, San Diego, CA, 92114","Match","Exact","292 EUCLID AVE, SAN DIEGO, CA, 92114","-117.085070005592,32.707541459391","195351942","L","06","073","003304","2000"
"052882","301 N. Prairie Avenue, Suite 100, Inglewood, CA, 90301","Match","Non_Exact","301 S PRAIRIE AVE, INGLEWOOD, CA, 90301","-118.343995945742,33.960658584906","141655324","R","06","037","601002","3001"
"552797","14945 WEST WHITEBRIDGE AVENUE, KERMAN, CA, 93630","Match","Non_Exact","14945 WHITESBRIDGE AVE, KERMAN, CA, 93630","-120.059317311002,36.734870358318","197601763","L","06","019","004006","1013"
"552796","4651 Corporate Court, BAKERSFIELD, CA, 93311","Match","Exact","4651 CORPORATE CT, BAKERSFIELD, CA, 93311","-119.132099819644,35.312483662924","648094729","R","06","029","003221","2017"
"552795","3933 Coffee Road, Suite A, BAKERSFIELD, CA, 93308","Match","Non_Exact","3933 COFFEE RD, BAKERSFIELD, CA, 93308","-119.092278557375,35.394856701992","657841464","R","06","029","003808","2000"
"552794","1415 3RD STREET, SAN RAFAEL, CA, 94901","Match","Exact","1415 3RD ST, SAN RAFAEL, CA, 94901","-122.532386852631,37.972490419921","192764556","L","06","041","111002","2018"
"552799","1223 Pacific Coast Highway, HARBOR CITY, CA, 90710","Match","Exact","1223 PACIFIC COAST HWY, HARBOR CITY, CA, 90710","-118.298066517801,33.789794804891","657203615","R","06","037","294421","2003"
"552798","499 Raven Street, SAN DIEGO, CA, 92102","Match","Exact","499 RAVEN ST, SAN DIEGO, CA, 92102","-117.107553968618,32.710816887698","195348920","R","06","073","003403","3000"
"052877","2115 EAST ONSTOTT ROAD, YUBA CITY, CA, 95991","Match","Exact","2115 E ONSTOTT RD, YUBA CITY, CA, 95991","-121.634650626566,39.160802548699","606977304","R","06","101","050101","4003"
"052876","3012 OLIVE HIGHWAY, OROVILLE, CA, 95966","Match","Exact","3012 OLIVE HWY, OROVILLE, CA, 95966","-121.538481349362,39.502291973279","68450390","L","06","007","003100","3005"
"052875","9808 Venice Blvd., Suite 200, Culver City, CA, 90232","Match","Exact","9808 VENICE BLVD, CULVER CITY, CA, 90232","-118.39783652997,34.023638318851","141574759","L","06","037","270102","1007"
"052874","205 KENWOOD WAY, SOUTH SAN FRANCISCO, CA, 94080","Match","Exact","205 KENWOOD WAY, SOUTH SAN FRANCISCO, CA, 94080","-122.425441487592,37.641685006418","192372438","R","06","081","602400","2015"
"052879","2020 S. Hacienda Blvd., Suite G, Hacienda Heights, CA, 91745","Match","Non_Exact","2020 S HACIENDA BLVD, HACIENDA HEIGHTS, CA, 91745","-117.967615861451,33.997041610218","141737035","L","06","037","408625","3000"
"052878","636 E. Brier Drive, Suite 150, San Bernardino, CA, 92408","Match","Exact","636 E BRIER DR, SAN BERNARDINO, CA, 92408","-117.271555471818,34.070547377853","650412161","R","06","071","007202","2029"
"052873","375 Rolling Oaks Drive, Suite 100, Thousand Oaks, CA, 91361","Match","Exact","375 ROLLING OAKS DR, THOUSAND OAKS, CA, 91361","-118.865158796253,34.173817837909","109976756","L","06","111","005906","2002"
"552793","5807 Avalon Blvd., LOS ANGELES, CA, 90011","Match","Exact","5807 AVALON BLVD, LOS ANGELES, CA, 90011","-118.265254765506,33.989666966692","141670377","R","06","037","229410","2010"
"052872","351 W. Florence Avenue, Los Angeles, CA, 90003","Match","Exact","351 W FLORENCE AVE, LOS ANGELES, CA, 90003","-118.279281608128,33.974728235367","141659805","R","06","037","239310","1011"
"552792","35 Casa Street, Suite 110, SAN LUIS OBISPO, CA, 93405","Match","Exact","35 CASA ST, SAN LUIS OBISPO, CA, 93405","-120.665563998699,35.293793068772","109731766","L","06","079","010902","3002"
"052871","2263 S. Depot Street, Santa Maria, CA, 93455","Match","Exact","2263 S DEPOT ST, SANTA MARIA, CA, 93455","-120.443689804559,34.91833570394","108632092","R","06","083","002011","1007"
"552791","1405 Valley Blvd., Suite 100, COLTON, CA, 92324","Match","Non_Exact","1405 W VALLEY BLVD, COLTON, CA, 92324","-117.348670222635,34.069414937348","635465189","L","06","071","003612","1023"
"552790","711 Valley Blvd., TEHACHAPI, CA, 93561","Match","Exact","711 VALLEY BLVD, TEHACHAPI, CA, 93561","-118.458706489924,35.124368430505","109534026","R","06","029","006101","1010"
"552786","3150 W. Lincoln Avenue, Suite 100, ANAHEIM, CA, 92801","Match","Exact","3150 W LINCOLN AVE, ANAHEIM, CA, 92801","-118.000336879289,33.831852605115","630203265","L","06","059","086902","5003"
"552785","750 West Route 66, Suite Q, GLENDORA, CA, 91740","Match","Non_Exact","750 E STATE RTE 66, GLENDORA, CA, 91740","-117.853548274875,34.128629332669","142783210","R","06","037","401101","2000"
"552784","23441 Madison Street #320, TORRANCE, CA, 90503","Match","Non_Exact","23441 MADISON ST, TORRANCE, CA, 90505","-118.347747334428,33.812179949394","241250598","R","06","037","651101","2035"
"552783","8420 Wilshire Blvd., BEVERLY HILLS, CA, 90211","Match","Exact","8420 WILSHIRE BLVD, BEVERLY HILLS, CA, 90211","-118.374581294443,34.064745786397","141572971","L","06","037","700901","1002"
"552789","4300 Von Karman, NEWPORT BEACH, CA, 92660","No_Match"
"552788","1474 STONE POINT DRIVE, SUITE 105, ROSEVILLE, CA, 95661","Match","Exact","1474 STONE POINT DR, ROSEVILLE, CA, 95661","-121.248031012947,38.754503181638","648500661","R","06","061","020717","1014"
"552787","721 W HUNTINGTON DRIVE, ARCADIA, CA, 91007","Match","Exact","721 W HUNTINGTON DR, ARCADIA, CA, 91007","-118.054857267091,34.131891214061","241142907","R","06","037","430701","2000"
"052866","1445 30th Street, Suite A and B, San Diego, CA, 92154","Match","Non_Exact","1445 30TH ST, SAN DIEGO, CA, 92154","-117.065915303859,32.570343158729","195358638","L","06","073","010106","1013"
"052865","10630 Santa Monica Blvd., Los Angeles, CA, 90025","Match","Exact","10630 SANTA MONICA BLVD, LOS ANGELES, CA, 90025","-118.430179782718,34.052913482655","141568005","L","06","037","267101","1003"
"052864","3010 Del Sol Blvd., San Diego, CA, 92154","Match","Exact","3010 DEL SOL BLVD, SAN DIEGO, CA, 92154","-117.06862340705,32.573601910634","195358640","L","06","073","010106","1000"
"052863","1850 N. Riverside Avenue, Suite 150, Rialto, CA, 92376","Match","Exact","1850 N RIVERSIDE AVE, RIALTO, CA, 92376","-117.370515890002,34.133150590376","144967365","L","06","071","003506","2007"
"052869","1643 E. Palmdale Blvd., Palmdale, CA, 93550","Match","Exact","1643 E PALMDALE BLVD, PALMDALE, CA, 93550","-118.099385380467,34.579713629548","142707809","R","06","037","910502","1013"
"052868","1135 S. Sunset Avenue, Suite 103, West Covina, CA, 91790","Match","Exact","1135 S SUNSET AVE, WEST COVINA, CA, 91790","-117.946068503707,34.061492682518","241247562","R","06","037","406702","1013"
"052867","2710 E. Palmdale Blvd., Palmdale, CA, 93550","Match","Exact","2710 E PALMDALE BLVD, PALMDALE, CA, 93550","-118.080738822349,34.580124100547","141529847","L","06","037","910602","2000"
"052862","511 N. Brookhurst Street, Suite 100, Anaheim, CA, 92801","Match","Exact","511 N BROOKHURST ST, ANAHEIM, CA, 92801","-117.959100471271,33.83883493329","144023177","L","06","059","087101","2000"
"552782","6655 N. MILBURN, FRESNO, CA, 93722","Match","Non_Exact","6655 N MILBURN AVE, FRESNO, CA, 93722","-119.878967961333,36.834378275245","617785010","R","06","019","004210","1014"
"552781","13054 North Harbor Blvd., GARDEN GROVE, CA, 92843","Match","Non_Exact","13054 HARBOR BLVD, GARDEN GROVE, CA, 92843","-117.920153957247,33.773518954427","630326550","L","06","059","089106","1003"
"052860","2679 S. Saviers Road, Suite B, Oxnard, CA, 93033","Match","Non_Exact","2679 SAVIERS RD, OXNARD, CA, 93033","-119.177602207618,34.175225074273","110116348","R","06","111","003802","2012"
"552780","29878 Haun Road, Suite 100, MENIFEE, CA, 92586","Match","Exact","29878 HAUN RD, MENIFEE, CA, 92586","-117.175041900279,33.686619444903","195092240","R","06","065","042708","1001"
"552775","2740 S. Bristol Street, Suite 110, SANTA ANA, CA, 92704","Match","Exact","2740 S BRISTOL ST, SANTA ANA, CA, 92704","-117.885488880725,33.710663486535","144043989","R","06","059","074111","3007"
"552774","2703 S TOWNE AVENUE, POMONA, CA, 91766","Match","Exact","2703 S TOWNE AVE, POMONA, CA, 91766","-117.740254396818,34.024006831516","142250777","R","06","037","402904","2018"
"552773","100 W. WASHINGTON BLVD., MONTEBELLO, CA, 90640","Match","Non_Exact","100 WASHINGTON BLVD, MONTEBELLO, CA, 90640","-118.11167755492,33.991919651301","141737613","R","06","037","532102","1008"
"552772","1221 ROSSMOOR PKWY, WALNUT CREEK, CA, 94595","Match","Exact","1221 ROSSMOOR PKWY, WALNUT CREEK, CA, 94595","-122.070557953016,37.878293234582","192052527","R","06","013","334200","3000"
"552779","3380 SAN PABLO DAM RD STE. C-D, SAN PABLO, CA, 94803","Match","Non_Exact","3380 SAN PABLO DAM RD, SAN PABLO, CA, 94803","-122.324400569104,37.962947598014","634219580","R","06","013","369002","1011"
"552778","12151 San Fernando Rd., Sylmar, CA, 91342","No_Match"
"552777","8987 Laurel Canyon Blvd., SUN VALLEY, CA, 91352","Match","Exact","8987 LAUREL CANYON BLVD, SUN VALLEY, CA, 91352","-118.402945501454,34.231154186571","142687453","L","06","037","121010","4005"
"552776","966 E. Hospitality Lane, SAN BERNARDINO, CA, 92408","Match","Exact","966 E HOSPITALITY LN, SAN BERNARDINO, CA, 92408","-117.263577230853,34.069052240296","144659889","R","06","071","007202","2035"
"502306","4800 SAND POINT WAY NE OC.9.820, SEATTLE, WA, 98105","Match","Non_Exact","4800 SAND POINT WAY NE, SEATTLE, WA, 98105","-122.283099247517,47.664454066597","186678061","R","53","033","004102","2007"
"032665","102 West Hospital Drive, Whiteriver, AZ, 85941","No_Match"
"032663","2500 S 8th Ave, Yuma, AZ, 85364","Match","Exact","2500 S 8TH AVE, YUMA, AZ, 85364","-114.628996033614,32.682077400018","129668684","R","04","027","001004","3000"
"032661","450 South Gilbert Road, Chandler, AZ, 85225","Match","Exact","450 S GILBERT RD, CHANDLER, AZ, 85225","-111.789825768854,33.310693963961","128825558","L","04","013","814900","2024"
"032662","14671 W Mountain View Blvd, Surprise, AZ, 85374","Match","Exact","14671 W MOUNTAIN VIEW BLVD, SURPRISE, AZ, 85374","-112.377462161517,33.654919753003","649357588","R","04","013","040529","3013"
"032660","6970 East Chauncey Lane, Phoenix, AZ, 85054","Match","Exact","6970 E CHAUNCEY LN, PHOENIX, AZ, 85054","-111.930425566696,33.651601299968","244023363","L","04","013","615201","2023"
"032647","16605 NORTH 28TH AVENUE, PHOENIX, AZ, 85053","Match","Exact","16605 N 28TH AVE, PHOENIX, AZ, 85053","-112.11862087737,33.635459123433","128950945","R","04","013","104207","2002"
"032648","4141 N Scottsdale Rd, SCOTTSDALE, AZ, 85251","Match","Exact","4141 N SCOTTSDALE RD, SCOTTSDALE, AZ, 85251","-111.926046933548,33.495756582367","128222726","R","04","013","217201","2020"
"032645","13430 N SAGUARO BLVD, FOUNTAIN HILLS, AZ, 85268","Match","Exact","13430 N SAGUARO BLVD, FOUNTAIN HILLS, AZ, 85268","-111.714085871059,33.607171351007","128191394","L","04","013","216857","1015"
"032646","4407 WEST PEORIA AVE, GLENDALE, AZ, 85302","Match","Exact","4407 W PEORIA AVE, GLENDALE, AZ, 85302","-112.154254161796,33.581869929203","638292277","L","04","013","092308","2000"
"032643","5555 E 5TH ST #155, TUCSON, AZ, 85711","Match","Exact","5555 E 5TH ST, TUCSON, AZ, 85711","-110.874153096243,32.228976046035","121180751","L","04","019","003002","2027"
"032644","1197 S REDONDO CENTER DR, YUMA, AZ, 85365","Match","Exact","1197 S REDONDO CENTER DR, YUMA, AZ, 85365","-114.61314799916,32.706694335339","129674736","R","04","027","000100","1000"
"032642","5115 E THOMAS RD STE 100, PHOENIX, AZ, 85018","Match","Exact","5115 E THOMAS RD, PHOENIX, AZ, 85018","-111.970949731471,33.480004314989","128829271","R","04","013","111201","2000"
"032640","7362 W Thunderbird Rd Suite 104, PEORIA, AZ, 85381","Match","Exact","7362 W THUNDERBIRD RD, PEORIA, AZ, 85381","-112.217364891026,33.610443801021","128840986","R","04","013","071513","2017"
"552603","1640 NORTH LINCOLN STREET, DIXON, CA, 95620","Match","Exact","1640 N LINCOLN ST, DIXON, CA, 95620","-121.835515417591,38.462891973066","192556457","R","06","095","253404","4003"
"552601","1407 E. Los Angeles Avenue, Suite G, Simi Valley, CA, 93065","Match","Non_Exact","1407 E LOS ANGELES AVE, SIMI VALLEY, CA, 93065","-118.76657273748,34.271780566927","109970683","L","06","111","007800","3000"
"552600","1040 DAVIS STREET SUITE 101, SAN LEANDRO, CA, 94577","Match","Non_Exact","1040 DAVIS, SAN LEANDRO, CA, 94577","-122.166644544752,37.722164388461","617287327","R","06","001","432502","3000"
"552606","1650 WEST YOSEMITE AVENUE, MANTECA, CA, 95337","Match","Non_Exact","1650 YOSEMITE AVE, MANTECA, CA, 95337","-121.243457702411,37.797289790408","133880493","R","06","077","005122","2001"
"552605","2710 TELEGRAPH AVENUE #205, OAKLAND, CA, 94612","Match","Non_Exact","2710 TELEGRAPH, OAKLAND, CA, 94612","-122.267762082927,37.816333497815","633930521","R","06","001","401300","3005"
"552604","2208 KAUSEN DRIVE SUITE 100, ELK GROVE, CA, 95758","Match","Exact","2208 KAUSEN DR, ELK GROVE, CA, 95758","-121.482832730766,38.428245775637","641229440","L","06","067","009618","2025"
"552609","1518 W. La Veta Avenue, Orange, CA, 92868","Match","Exact","1518 W LA VETA AVE, ORANGE, CA, 92868","-117.868807020629,33.780270723701","144041327","L","06","059","076001","4016"
"552608","2005 NAGLEE AVENUE, SAN JOSE, CA, 95128","Match","Exact","2005 NAGLEE AVE, SAN JOSE, CA, 95128","-121.932192485414,37.327808751713","122903429","R","06","085","500500","5016"
"032658","14620 West Encanto Blvd, Goodyear, AZ, 85395","Match","Exact","14620 W ENCANTO BLVD, GOODYEAR, AZ, 85395","-112.373649262151,33.471774258929","243924036","R","04","013","061064","1013"
"032659","7862 E Florentine Rd, Prescott Valley, AZ, 86314","Match","Exact","7862 E FLORENTINE RD, PRESCOTT VALLEY, AZ, 86314","-112.328771079817,34.588103084235","617924939","R","04","025","000615","1013"
"032656","6622 N 91st Ave, Glendale, AZ, 85305","Match","Exact","6622 N 91ST AVE, GLENDALE, AZ, 85305","-112.255143802732,33.532496466544","613294794","L","04","013","092720","4007"
"033504","8088 W Whitney Drive, Peoria, AZ, 85345","Match","Non_Exact","8088 WHITNEY DR, PEORIA, AZ, 85345","-112.230031882072,33.57293324803","636947323","L","04","013","071911","1000"
"032657","3600 W Tangerine Rd, Marana, AZ, 85658","Match","Exact","3600 W TANGERINE RD, MARANA, AZ, 85658","-111.043257465205,32.423814679305","121393098","L","04","019","004650","5015"
"033503","9721 WEST PECOS RD- RR2, BOX 807, LAVEEN, AZ, 85339","No_Match"
"032654","5555 Mesa Verde Dr, Sierra Vista, AZ, 85635","Match","Exact","5555 MESA VERDE DR, SIERRA VISTA, AZ, 85635","-110.233350214268,31.55136706011","640699466","L","04","003","001703","3000"
"032655","926 E Mc Dowell Rd, Phoenix, AZ, 85006","Match","Exact","926 E MCDOWELL RD, PHOENIX, AZ, 85006","-112.061229825664,33.465775833681","128213254","L","04","013","111700","3026"
"032652","1521 E Tangerine Road, Oro Valley, AZ, 85755","Match","Exact","1521 E TANGERINE RD, ORO VALLEY, AZ, 85755","-110.959535733939,32.424727420286","121408196","R","04","019","004642","2012"
"032653","6622 N 91st Avenue, Glendale, AZ, 85305","Match","Exact","6622 N 91ST AVE, GLENDALE, AZ, 85305","-112.255143802732,33.532496466544","613294794","L","04","013","092720","4007"
"032650","4901 W McDowell Road, PHOENIX, AZ, 85035","Match","Exact","4901 W MCDOWELL RD, PHOENIX, AZ, 85035","-112.165660605994,33.465909643451","128301256","L","04","013","112507","1004"
"032651","1635 N Swan Road, TUCSON, AZ, 85712","Match","Exact","1635 N SWAN RD, TUCSON, AZ, 85712","-110.892709745862,32.242281740572","121179504","L","04","019","003103","1000"
"032629","2802 SOUTH 6TH AVE, TUCSON, AZ, 85713","Match","Exact","2802 S 6TH AVE, TUCSON, AZ, 85713","-110.968425537082,32.190305997247","121172679","R","04","019","002300","2033"
"032627","2901 E GRANT RD, TUCSON, AZ, 85716","Match","Exact","2901 E GRANT RD, TUCSON, AZ, 85716","-110.928915420585,32.250421442584","121173941","L","04","019","001801","3006"
"032628","1721 Airway Ave, KINGMAN, AZ, 86409","Match","Exact","1721 AIRWAY AVE, KINGMAN, AZ, 86409","-114.03639447602,35.22495400574","608968676","R","04","015","954900","1000"
"032625","3540 E BASELINE RD STE 110, PHOENIX, AZ, 85042","No_Match"
"032626","1430 W VALENCIA RD STE 1, TUCSON, AZ, 85746","Match","Exact","1430 W VALENCIA RD, TUCSON, AZ, 85746","-110.99545679291,32.133810494577","121409105","R","04","019","002507","1000"
"032624","1134 E UNIVERSITY DR STE 101, MESA, AZ, 85203","Match","Exact","1134 E UNIVERSITY DR, MESA, AZ, 85203","-111.806751955688,33.42246249514","128245384","L","04","013","420902","1015"
"032622","500 N BULLARD AVE STE C34, GOODYEAR, AZ, 85338","Match","Exact","500 N BULLARD AVE, GOODYEAR, AZ, 85338","-112.375654564865,33.441887884185","642859561","L","04","013","061052","2000"
"032620","14671 W. Mountain View Blvd., Surprise, AZ, 85374","Match","Exact","14671 W MOUNTAIN VIEW BLVD, SURPRISE, AZ, 85374","-112.377462161517,33.654919753003","649357588","R","04","013","040529","3013"
"032638","301 S Power Road Suite 104, MESA, AZ, 85206","Match","Exact","301 S POWER RD, MESA, AZ, 85206","-111.684477384624,33.41044629636","639268634","L","04","013","422626","1013"
"032639","9250 West Thomas Road, PHOENIX, AZ, 85037","Match","Exact","9250 W THOMAS RD, PHOENIX, AZ, 85037","-112.2585121642,33.479717310349","243930570","R","04","013","082016","2030"
"032636","2268 N WALGREENS ST, FLAGSTAFF, AZ, 86004","Match","Exact","2268 N WALGREENS ST, FLAGSTAFF, AZ, 86004","-111.602971296863,35.207747502232","649983992","L","04","005","000800","5007"
"032637","811 N TEGNER, WICKENBURG, AZ, 85390","Match","Non_Exact","811 N TEGNER ST, WICKENBURG, AZ, 85390","-112.735953857566,33.976255077797","128431699","R","04","013","040502","1014"
"032634","4845 W MCDOWELL RD, PHOENIX, AZ, 85035","Match","Exact","4845 W MCDOWELL RD, PHOENIX, AZ, 85035","-112.164305357008,33.465906689406","128301264","L","04","013","112507","1002"
"032635","3511 MERCY RD STE 101, GILBERT, AZ, 85297","Match","Non_Exact","3511 S MERCY RD, GILBERT, AZ, 85297","-111.749620870504,33.286288102614","657330424","R","04","013","815401","1001"
"032632","7355 S HOUGHTON RD STE 101, TUCSON, AZ, 85747","Match","Exact","7355 S HOUGHTON RD, TUCSON, AZ, 85747","-110.772620312714,32.117883233044","646251245","L","04","019","004062","2001"
"032633","300 W HIGHWAY 287, FLORENCE, AZ, 85132","Match","Non_Exact","300 STATE RTE 287, FLORENCE, AZ, 85132","-111.389356928879,33.019298417737","129299825","L","04","021","000902","1083"
"032630","8910 N 43RD AVE STE 107, GLENDALE, AZ, 85302","Match","Non_Exact","8910 43RD LN, GLENDALE, AZ, 85302","-112.152470694016,33.564106185401","128389129","L","04","013","092309","1000"
"032631","975 W CHANDLER HEIGHTS RD, CHANDLER, AZ, 85248","Match","Exact","975 W CHANDLER HEIGHTS RD, CHANDLER, AZ, 85248","-111.857857540866,33.232740300919","640952732","R","04","013","813000","1016"
"452598","628 S JEFFERSON AVE, MOUNT PLEASANT, TX, 75455","Match","Exact","628 S JEFFERSON AVE, MOUNT PLEASANT, TX, 75455","-94.968634153833,33.149957686354","83219859","L","48","449","950700","2000"
"452595","305 NORTH FRIO, SAN ANTONIO, TX, 78207","Match","Non_Exact","305 N FRIO ST, SAN ANTONIO, TX, 78207","-98.503683163661,29.427894369573","101525502","L","48","029","110600","3025"
"452594","4804 BRYANT IRVIN COURT, FORT WORTH, TX, 76107","Match","Exact","4804 BRYANT IRVIN CT, FORT WORTH, TX, 76107","-97.412632403248,32.715022707507","102114342","L","48","439","102401","4001"
"452592","3415 S COOPER STREET, ARLINGTON, TX, 76015","Match","Exact","3415 S COOPER ST, ARLINGTON, TX, 76015","-97.128906874795,32.690648318853","101942171","L","48","439","111525","6001"
"452587","4530 CALLAGHAN ROAD, SAN ANTONIO, TX, 78228","Match","Exact","4530 CALLAGHAN RD, SAN ANTONIO, TX, 78228","-98.602411426171,29.47115956645","101701114","R","48","029","180501","4004"
"452584","900 SOUTH LOOP WEST STE. 100, HOUSTON, TX, 77054","Match","Non_Exact","900 S LOOP FWY, HOUSTON, TX, 77054","-95.38750447334,29.681024945644","657220278","L","48","201","313902","2000"
"452585","1614 E COMMERCIAL DRIVE, WESLACO, TX, 78599","Match","Exact","1614 E COMMERCIAL DR, WESLACO, TX, 78599","-97.97500759632,26.172997026662","71483986","L","48","215","022502","3014"
"672886","3623 SOUTH MAIN STREET STE 100, Stafford, TX, 77477","Match","Exact","3623 S MAIN ST, STAFFORD, TX, 77477","-95.568279168564,29.620593153468","78292771","R","48","157","671401","1020"
"672887","2400 N OREGON ST STE C, El Paso, TX, 79902","Match","Non_Exact","2400 N OREGON ST, EL PASO, TX, 79902","-106.502046618017,31.774310243415","189336973","R","48","141","001502","1020"
"672888","5230 FM 2920 Rd., SPRING, TX, 77388","No_Match"
"672881","235 FM 1960 RD W STE 235C, HOUSTON, TX, 77090","Match","Exact","235 FM 1960 RD W, HOUSTON, TX, 77090","-95.432892775757,30.019944332282","96565385","R","48","201","550304","2001"
"672882","5418 N LOOP 1604 W STE 120, SAN ANTONIO, TX, 78249","No_Match"
"672883","8760 US Hwy 59 South, NACOGDOCHES, TX, 75964","Match","Non_Exact","8760 S US HWY 59, NACOGDOCHES, TX, 75964","-94.724554034155,31.479451921859","636062881","L","48","347","950304","3059"
"672889","2606 W. Pecan St, PFLUGERVILLE, TX, 78660","Match","Non_Exact","2606 PECAN ST W, PFLUGERVILLE, TX, 78660","-97.645965354531,30.446390400925","64002439","R","48","453","042600","1005"
"672890","1313 Veterans Ave, CRYSTAL CITY, TX, 78839","No_Match"
"672891","26865 INTERSTATE 45 STE 100, SPRING, TX, 77380","Match","Non_Exact","26865 I- 45 S, SPRING, TX, 77380","-95.44894791297,30.15222662064","638044375","L","48","339","691601","1001"
"672896","18003 LONGENBAUGH DR, Cypress, TX, 77433","Match","Non_Exact","18003 LONGENBAUGH RD, CYPRESS, TX, 77433","-95.68929735507,29.895611699587","646692899","L","48","201","543008","2000"
"672897","22310 McCleskey RD, New Caney, TX, 77357","Match","Exact","22310 MCCLESKEY RD, NEW CANEY, TX, 77357","-95.227927829199,30.141938896746","79326580","R","48","339","692605","3003"
"672898","7746 HWY 6, STE C, Missouri City, TX, 77459","Match","Non_Exact","7746 STATE HWY 6, MISSOURI CITY, TX, 77459","-95.551671840663,29.550612217873","657183100","L","48","157","674507","1000"
"672893","208 N MCKINNEY ST STE 1, SWEENY, TX, 77480","Match","Exact","208 N MCKINNEY ST, SWEENY, TX, 77480","-95.690630035526,29.047931920516","116646713","R","48","039","662800","1004"
"672894","3517 SPECTRUM BLVD, RICHARDSON, TX, 75082","No_Match"
"672895","5414 FM 1960 RD E, Humble, TX, 77346","Match","Exact","5414 FM 1960 RD E, HUMBLE, TX, 77346","-95.197679225624,29.998851701225","96578923","R","48","201","250500","2011"
"452560","7011 REGENCY SQUARE BLVD, HOUSTON, TX, 77036","Match","Exact","7011 REGENCY SQUARE BLVD, HOUSTON, TX, 77036","-95.505708349707,29.716231101039","96288758","L","48","201","432804","2016"
"452561","1625 NORTH STORY ROAD, IRVING, TX, 75061","Match","Exact","1625 N STORY RD, IRVING, TX, 75061","-96.976517739833,32.829200975602","102998732","L","48","113","014405","2020"
"452559","110 SOUTH PARK DRIVE, BROWNWOOD, TX, 76801","Match","Exact","110 S PARK DR, BROWNWOOD, TX, 76801","-98.995870156424,31.679252170444","657365209","R","48","049","951100","2019"
"452557","608 N BEDELL AVE, DEL RIO, TX, 78840","Match","Exact","608 N BEDELL AVE, DEL RIO, TX, 78840","-100.891755413861,29.373272970639","173574814","L","48","465","950400","1000"
"452556","1274 S Market, Carthage, TX, 75633","Match","Non_Exact","1274 S MARKET ST, CARTHAGE, TX, 75633","-94.344150937242,32.130516439018","67833343","L","48","365","950401","2045"
"452553","1321 W 2ND AVE, CORSICANA, TX, 75110","Match","Exact","1321 W 2ND AVE, CORSICANA, TX, 75110","-96.478218426715,32.09119287792","183914163","R","48","349","970800","1080"
"452552","5502 Medical Parkway Dr., TEXARKANA, TX, 75503","Match","Non_Exact","5502 MEDICAL PARK WAY, TEXARKANA, TX, 75503","-94.065292863778,33.4711109466","57689763","R","48","037","010903","1022"
"452550","1640 Briarcrest Drive, BRYAN, TX, 77802","Match","Exact","1640 BRIARCREST DR, BRYAN, TX, 77802","-96.340879601864,30.651298410677","21833014","R","48","041","001101","2001"
"452546","716 Hill Country Drive, KERRVILLE, TX, 78028","Match","Exact","716 HILL COUNTRY DR, KERRVILLE, TX, 78028","-99.147891024348,30.041358430285","657250231","R","48","265","960403","2013"
"452544","1335 SE MILITARY DR, SAN ANTONIO, TX, 78214","Match","Exact","1335 SE MILITARY DR, SAN ANTONIO, TX, 78214","-98.476978010178,29.354016219769","637823110","L","48","029","150800","2022"
"452542","2510 B. F. Terry Blvd., ROSENBERG, TX, 77471","No_Match"
"452540","1819 GARNER FIELD RD, UVALDE, TX, 78801","Match","Exact","1819 GARNER FIELD RD, UVALDE, TX, 78801","-99.753812532707,29.218425204446","657547923","R","48","463","950202","4057"
"452541","3065 MEGAN STREET, EAGLE PASS, TX, 78852","Match","Non_Exact","3065 MEGAN TRL, EAGLE PASS, TX, 78852","-100.456917643062,28.710109208217","641268864","L","48","323","950701","1277"
"452582","711 B South Clay Street, ENNIS, TX, 75119","Match","Non_Exact","711 S CLAY ST, ENNIS, TX, 75119","-96.629239790819,32.319849596494","636445240","L","48","139","061500","2016"
"452583","1809 FOREST RIDGE DRIVE, BEDFORD, TX, 76022","Match","Exact","1809 FOREST RIDGE DR, BEDFORD, TX, 76022","-97.141961153298,32.8349372099","101870991","L","48","439","113618","5001"
"452580","203 W RANDOL MILL RD, ARLINGTON, TX, 76011","Match","Exact","203 W RANDOL MILL RD, ARLINGTON, TX, 76011","-97.107974991724,32.750119208151","101907614","R","48","439","121704","1024"
"452579","501 COLLEGE AVENUE, FORT WORTH, TX, 76104","Match","Exact","501 COLLEGE AVE, FORT WORTH, TX, 76104","-97.334661355019,32.73973645749","101885638","L","48","439","123700","2016"
"452577","3050 LIBERTY AVE, BEAUMONT, TX, 77702","Match","Exact","3050 LIBERTY AVE, BEAUMONT, TX, 77702","-94.133752217711,30.083813843996","644258313","R","48","245","001200","2006"
"452575","2202 ROLLINGBROOK, BAYTOWN, TX, 77521","Match","Non_Exact","2202 ROLLINGBROOK DR, BAYTOWN, TX, 77521","-94.982531446419,29.760854191514","651838278","R","48","201","253601","2012"
"452576","8303 CREEK BEND, HOUSTON, TX, 77071","Match","Non_Exact","8303 CREEKBEND DR, HOUSTON, TX, 77071","-95.525556238493,29.665268264393","96598619","R","48","201","423304","2000"
"452574","5435 ALDINE MAIL ROUTE, HOUSTON, TX, 77039","Match","Non_Exact","5435 ALDINE MAIL RD, HOUSTON, TX, 77039","-95.308911674977,29.902078408551","657227338","L","48","201","232100","2033"
"452571","7515 BARLITE BLVD, SAN ANTONIO, TX, 78224","Match","Exact","7515 BARLITE BLVD, SAN ANTONIO, TX, 78224","-98.546628952041,29.35267873371","639527295","R","48","029","151200","2004"
"452572","5610 ALMEDA ROAD, HOUSTON, TX, 77004","Match","Exact","5610 ALMEDA RD, HOUSTON, TX, 77004","-95.379851204447,29.719765358308","657205788","R","48","201","312601","2002"
"452570","6700 RANDOLPH BLVD, LIVE OAK, TX, 78233","Match","Exact","6700 RANDOLPH BLVD, LIVE OAK, TX, 78233","-98.357848933484,29.549936529482","101568308","R","48","029","121501","1009"
"452568","2710 Avenue Q, LUBBOCK, TX, 79411","Match","Exact","2710 AVE Q, LUBBOCK, TX, 79411","-101.855416802297,33.569913328953","185254521","R","48","303","001402","1007"
"452563","6324 Meadowbrook Dr, Fort Worth, TX, 76120","Match","Non_Exact","6324 MEADOWBROOK DR, FORT WORTH, TX, 76112","-97.22132562133,32.745962961615","102179837","L","48","439","101301","3008"
"052734","1341 W. La Palma Avenue, Anaheim, CA, 92801","Match","Exact","1341 W LA PALMA AVE, ANAHEIM, CA, 92801","-117.936826228193,33.847169439187","651239503","R","06","059","086601","6000"
"672820","5895 Kyle Parkway, KYLE, TX, 78640","Match","Exact","5895 KYLE PKWY, KYLE, TX, 78640","-97.856117353857,30.009993357229","653225170","L","48","209","010925","1008"
"672821","1675 Highway 71 East, BASTROP, TX, 78602","Match","Non_Exact","1675 STATE HWY 71, BASTROP, TX, 78602","-97.308584913342,30.104832560699","657935934","R","48","021","950403","3016"
"052731","630 Bay Blvd., Suite 101, Chula Vista, CA, 91910","Match","Exact","630 BAY BLVD, CHULA VISTA, CA, 91910","-117.094799242342,32.624350855026","638573455","R","06","073","012600","1010"
"672822","800 N Texas Ave, ODESSA, TX, 79761","Match","Exact","800 N TEXAS AVE, ODESSA, TX, 79761","-102.37036031712,31.851714682451","139430402","R","48","135","003100","1029"
"052738","60 G STREET, BUILDING 5, LOS BANOS, CA, 93635","Match","Exact","60 G ST, LOS BANOS, CA, 93635","-120.855503902232,37.067129102838","125323761","R","06","047","002201","1003"
"052735","40945 County Center Drive, Suite G, Temecula, CA, 92591","Match","Non_Exact","40945 COUNTY CENTER DR, TEMECULA, CA, 92591","-117.160548975274,33.528134817397","194824183","L","06","065","049600","2024"
"672827","6101 Windhaven Pkwy, PLANO, TX, 75093","Match","Exact","6101 WINDHAVEN PKWY, PLANO, TX, 75093","-96.83167745251,33.054968538489","210475625","L","48","085","031669","1004"
"672828","5603 Highway 6, MISSOURI CITY, TX, 77459","Match","Exact","5603 STATE HWY 6, MISSOURI CITY, TX, 77459","-95.569580398627,29.571511517654","227746413","R","48","157","671502","1006"
"052730","27602 Clinton Keith Road, Bldg F, MURRIETA, CA, 92562","Match","Non_Exact","27602 CLINTON KEITH RD, MURRIETA, CA, 92562","-117.17867065927,33.598491187499","653976395","R","06","065","043278","4003"
"672823","1826 Parkway Dr, LUBBOCK, TX, 79403","Match","Exact","1826 PARKWAY DR, LUBBOCK, TX, 79403","-101.81253091601,33.595364528557","185312432","R","48","303","001000","2016"
"672824","11150 Research Blvd., AUSTIN, TX, 78759","Match","Exact","11150 RESEARCH BLVD, AUSTIN, TX, 78759","-97.745765972036,30.406523050375","64026223","R","48","453","030800","1002"
"672825","3359 Fred Wilson Ave, EL PASO, TX, 79904","Match","Exact","3359 FRED WILSON AVE, EL PASO, TX, 79904","-106.455146445587,31.825735161899","189375427","L","48","141","000600","1028"
"672826","10424 Interstate 10 East, BAYTOWN, TX, 77523","No_Match"
"452519","9623 LONG POINT RD, HOUSTON, TX, 77055","No_Match"
"452517","350 N EXPRESSWAY, BROWNSVILLE, TX, 78521","No_Match"
"452513","5920 AMARILLO BLVD WEST, AMARILLO, TX, 79106","Match","Non_Exact","5920 W AMARILLO BLVD, AMARILLO, TX, 79106","-101.902752212323,35.209719064654","643334431","R","48","375","013300","1020"
"452514","2733 SWANTNER DR, CORPUS CHRISTI, TX, 78404","Match","Exact","2733 SWANTNER DR, CORPUS CHRISTI, TX, 78404","-97.401890165436,27.762941681137","178517361","R","48","355","001400","3010"
"452511","1802 PINE ST, ABILENE, TX, 79601","Match","Exact","1802 PINE ST, ABILENE, TX, 79601","-99.731193524188,32.470098274874","129961907","L","48","441","010200","2035"
"052739","4445 Riverside Drive, Chino, CA, 91710","Match","Exact","4445 RIVERSIDE DR, CHINO, CA, 91710","-117.707940354922,34.018898693529","144673039","R","06","071","000503","2000"
"452512","3302 GOLF COURSE ROAD, MIDLAND, TX, 79703","Match","Non_Exact","3302 W GOLF COURSE RD, MIDLAND, TX, 79703","-102.12051377789,32.005718367326","139578984","R","48","329","000302","2000"
"452510","1600 NINTH STREET, WICHITA FALLS, TX, 76301","Match","Exact","1600 9TH ST, WICHITA FALLS, TX, 76301","-98.502012623627,33.90487757885","169844089","R","48","485","010200","1061"
"052723","1620 West Yosemite Ave, MANTECA, CA, 95337","Match","Non_Exact","1620 YOSEMITE AVE, MANTECA, CA, 95337","-121.242982065231,37.797292491033","133880493","R","06","077","005122","2001"
"672830","3417 GASTON AVENUE SUITE 180, DALLAS, TX, 75246","Match","Exact","3417 GASTON AVE, DALLAS, TX, 75246","-96.781470105193,32.790162829126","103176773","L","48","113","002200","3028"
"052722","39505 PASEO PADRE PARKWAY, FREMONT, CA, 94538","Match","Exact","39505 PASEO PADRE PKWY, FREMONT, CA, 94538","-121.974852179415,37.550189992503","633937075","R","06","001","441927","2001"
"672831","1070 N Westmoreland Road, DALLAS, TX, 75211","Match","Exact","1070 N WESTMORELAND RD, DALLAS, TX, 75211","-96.873962672855,32.755422455969","103196525","R","48","113","006900","3003"
"052721","2757 TELEGRAPH AVENUE, OAKLAND, CA, 94612","Match","Exact","2757 TELEGRAPH AVE, OAKLAND, CA, 94612","-122.267960001268,37.816703595473","639859853","L","06","001","401300","2002"
"672832","9219 Stella Link, HOUSTON, TX, 77025","Match","Non_Exact","9219 STELLA LINK RD, HOUSTON, TX, 77025","-95.439895853461,29.682932938605","96604597","L","48","201","413302","3005"
"052720","315 N. Third Avenue, Suite 104, Covina, CA, 91723","Match","Exact","315 N 3RD AVE, COVINA, CA, 91723","-117.892403557678,34.088552025969","141715240","L","06","037","406101","2018"
"672833","11600 Broadway Street, PEARLAND, TX, 77584","Match","Exact","11600 BROADWAY ST, PEARLAND, TX, 77584","-95.399694621923,29.555477636599","627494025","R","48","039","660612","1007"
"052727","1449 W. Redlands Blvd., Redlands, CA, 92373","Match","Exact","1449 W REDLANDS BLVD, REDLANDS, CA, 92373","-117.20550024166,34.062286832572","144663322","R","06","071","007800","3002"
"052726","158 W. College Street, Covina, CA, 91723","Match","Exact","158 W COLLEGE ST, COVINA, CA, 91723","-117.891424092539,34.08741199105","241245714","L","06","037","406101","2022"
"052725","950 S. Eastern Avenue, East Los Angeles, CA, 90022","Match","Exact","950 S EASTERN AVE, EAST LOS ANGELES, CA, 90022","-118.173867934654,34.022957026919","657260486","L","06","037","531502","2011"
"052724","10012 Norwalk Blvd., Suite 190, Santa Fe Springs, CA, 90670","Match","Exact","10012 NORWALK BLVD, SANTA FE SPRINGS, CA, 90670","-118.072602448493,33.947143654289","241248271","L","06","037","502700","4055"
"672838","10150 Legacy Drive, FRISCO, TX, 75033","Match","Exact","10150 LEGACY DR, FRISCO, TX, 75033","-96.848917982582,33.164065553159","615065066","R","48","121","021526","2004"
"672839","100 East Arizona, SWEETWATER, TX, 79556","Match","Non_Exact","100 E ARIZONA AVE, SWEETWATER, TX, 79556","-100.399330388522,32.453626030801","186308863","R","48","353","950400","4020"
"672834","2018 Pulliam Street, SAN ANGELO, TX, 76905","Match","Exact","2018 PULLIAM ST, SAN ANGELO, TX, 76905","-100.404643677857,31.470730178672","637981653","L","48","451","000300","3038"
"672836","1430 Northwestern Drive, EL PASO, TX, 79912","Match","Exact","1430 NORTHWESTERN DR, EL PASO, TX, 79912","-106.575198868376,31.879568289386","648293916","R","48","141","010226","1011"
"452508","1325 EAST QUEBEC, MCALLEN, TX, 78503","Match","Non_Exact","1325 E QUEBEC AVE, MCALLEN, TX, 78503","-98.209041005514,26.18489373902","71531334","L","48","215","021204","2004"
"452506","6630 QUAKER AVE, LUBBOCK, TX, 79413","Match","Exact","6630 QUAKER AVE, LUBBOCK, TX, 79413","-101.907103652516,33.533993030872","185297330","R","48","303","001808","2017"
"452507","9010 CULEBRA RD, SAN ANTONIO, TX, 78251","Match","Exact","9010 CULEBRA RD, SAN ANTONIO, TX, 78251","-98.663741460866,29.478163442904","101730128","R","48","029","171912","2001"
"052729","5354 CLAREMONT AVENUE, OAKLAND, CA, 94618","Match","Non_Exact","5354 CLAREMONT, OAKLAND, CA, 94618","-122.258742797593,37.841315025243","617282502","R","06","001","400300","3006"
"452500","9126 Eastex Freeway, HOUSTON, TX, 77093","Match","Exact","9126 EASTEX FWY, HOUSTON, TX, 77093","-95.332919153329,29.844625818684","96138775","R","48","201","230500","3008"
"052728","1738 OCEAN AVENUE, SAN FRANCISCO, CA, 94112","Match","Exact","1738 OCEAN AVE, SAN FRANCISCO, CA, 94112","-122.460067864923,37.724808331439","192285470","R","06","075","031000","3009"
"052712","12455 Washington Blvd., WHITTIER, CA, 90602","No_Match"
"052711","7231 E SOUTHGATE DRIVE, SACRAMENTO, CA, 95823","Match","Exact","7231 E SOUTHGATE DR, SACRAMENTO, CA, 95823","-121.436957951141,38.494877762354","133352582","L","06","067","005002","1002"
"052710","14557 Temple Avenue, La Puente, CA, 91744","Match","Non_Exact","14557 E TEMPLE AVE, LA PUENTE, CA, 91744","-117.968455958868,34.041037260232","141652896","L","06","037","407101","3002"
"672800","16545 SW Freeway, SUGAR LAND, TX, 77479","No_Match"
"052715","1830 Lomita Blvd., Lomita, CA, 90717","Match","Exact","1830 LOMITA BLVD, LOMITA, CA, 90717","-118.310144812555,33.79802409726","655820873","L","06","037","670002","1001"
"052714","12675 Hesperia Road, Victorville, CA, 92392","Match","Non_Exact","12675 HESPERIA RD, VICTORVILLE, CA, 92395","-117.290605683277,34.481328918208","614831581","R","06","071","010037","1013"
"052713","3986 S. Figueroa Street, Los Angeles, CA, 90037","Match","Exact","3986 S FIGUEROA ST, LOS ANGELES, CA, 90037","-118.282665567596,34.011500200819","141607960","L","06","037","231100","2035"
"372308","6161 S YALE AVE, TULSA, OK, 74136","Match","Exact","6161 S YALE AVE, TULSA, OK, 74136","-95.922070170828,36.07507559145","623788131","L","40","143","007615","1003"
"672805","5329 West University Dr, MCKINNEY, TX, 75071","Match","Exact","5329 W UNIVERSITY DR, MCKINNEY, TX, 75071","-96.683447290117,33.218163058555","210477651","R","48","085","030548","3000"
"672806","14412 Bellaire Blvd., SUGAR LAND, TX, 77478","No_Match"
"672807","4941 Long Prairie Rd, FLOWER MOUND, TX, 75028","Match","Exact","4941 LONG PRAIRIE RD, FLOWER MOUND, TX, 75028","-97.074126921944,33.052383060459","635382776","L","48","121","021746","2025"
"672808","274 Cottonwood Dr, HEMPSTEAD, TX, 77445","No_Match"
"672801","20025 Chasewook Park Drive, HOUSTON, TX, 77070","Match","Non_Exact","20025 CHASEWOOD PARK DR, HOUSTON, TX, 77070","-95.570216972407,29.993178765865","641676618","R","48","201","554202","2036"
"672802","5655 W SAM HOUSTON PKWY N STE A, HOUSTON, TX, 77041","No_Match"
"672803","2950 FM 2920 Rd, SPRING, TX, 77388","Match","Non_Exact","2950 FM 2920, SPRING, TX, 77388","-95.460409358603,30.070746591691","642113946","L","48","201","555102","1000"
"672804","739 E 20th Street, HOUSTON, TX, 77008","Match","Exact","739 E 20TH ST, HOUSTON, TX, 77008","-95.388775794459,29.804175421277","96055873","L","48","201","511502","3016"
"452539","9449 GROGANS MILL RD, THE WOODLANDS, TX, 77380","Match","Exact","9449 GROGANS MILL RD, THE WOODLANDS, TX, 77380","-95.465711816278,30.167125634169","79293427","L","48","339","691700","1033"
"672809","2000 CRAWFORD ST, STE 777, HOUSTON, TX, 77002","Match","Exact","2000 CRAWFORD ST, HOUSTON, TX, 77002","-95.365968767927,29.746094333179","96621113","R","48","201","312501","1016"
"452537","2345 ALICE REGIONAL BLVD, ALICE, TX, 78332","Match","Exact","2345 ALICE REGIONAL BLVD, ALICE, TX, 78332","-98.044329022781,27.762892278222","21526484","L","48","249","950201","2062"
"052719","1499 WEBSTER STREET, SAN FRANCISCO, CA, 94115","Match","Exact","1499 WEBSTER ST, SAN FRANCISCO, CA, 94115","-122.431325513572,37.78444646614","192283667","L","06","075","015900","4000"
"452533","8537 GULF FREEWAY, HOUSTON, TX, 77017","Match","Exact","8537 GULF FWY, HOUSTON, TX, 77017","-95.261517495049,29.668679054952","96121012","L","48","201","320602","1012"
"052717","1938 Tyler Avenue, Suite J-168, South El Monte, CA, 91733","Match","Non_Exact","1938 TYLER AVE, SOUTH EL MONTE, CA, 91733","-118.037600028649,34.050963145549","241242101","R","06","037","433804","2003"
"452532","815 E FIRST ST, TYLER, TX, 75701","Match","Exact","815 E 1ST ST, TYLER, TX, 75701","-95.292465904386,32.334546500279","141292126","L","48","423","000900","3042"
"452530","11430 E FREEWAY, HOUSTON, TX, 77029","No_Match"
"052701","20911 Earl Street, Suite 160, Torrance, CA, 90503","Match","Exact","20911 EARL ST, TORRANCE, CA, 90503","-118.358087122561,33.840331756914","241243167","R","06","037","650606","2000"
"052700","883 S Atlantic Blvd Unit H, Monterey Park, CA, 91754","Match","Non_Exact","883 S ATLANTIC BLVD, MONTEREY PARK, CA, 91754","-118.138039858206,34.051059189417","241240925","R","06","037","482002","3006"
"672810","1001 W Arbrook Blvd, ARLINGTON, TX, 76015","Match","Non_Exact","1001 ARBROOK BLVD, ARLINGTON, TX, 76015","-97.121404065299,32.682271780294","102154590","R","48","439","111525","6007"
"672811","8704 UNIVERSITY AVE, LUBBOCK, TX, 79423","Match","Exact","8704 UNIVERSITY AVE, LUBBOCK, TX, 79423","-101.870447047203,33.515768763767","185266225","R","48","303","010505","4005"
"052705","545 E. Cleveland Street, Stockton, CA, 95204","Match","Non_Exact","545 CLEVELAND ST, STOCKTON, CA, 95204","-121.289532748333,37.973772187622","133849897","L","06","077","001300","1018"
"052703","3115 WEST MARCH LANE SUITE A, STOCKTON, CA, 95219","Match","Non_Exact","3115 W MARCH LN, STOCKTON, CA, 95219","-121.350992891246,37.984126293726","658264112","R","06","077","003118","2004"
"672816","1301 Custer Road, Suite 524, PLANO, TX, 75075","Match","Exact","1301 CUSTER RD, PLANO, TX, 75075","-96.733910689936,33.01784497053","210491830","L","48","085","031807","3001"
"672817","2204 Joe Battle Blvd ""A"", EL PASO, TX, 79938","Match","Non_Exact","2204 JOE BATTLE BLVD, EL PASO, TX, 79938","-106.267471150597,31.77243923348","618926101","R","48","141","010329","1002"
"672818","1721 S Colorado St, LOCKHART, TX, 78644","Match","Exact","1721 S COLORADO ST, LOCKHART, TX, 78644","-97.668609951579,29.863139120701","45544419","L","48","055","960200","2002"
"672819","1806 South Colorado Street, LOCKHART, TX, 78644","No_Match"
"672812","4511 NW Loop 410, SAN ANTONIO, TX, 78229","Match","Exact","4511 NW LOOP 410, SAN ANTONIO, TX, 78229","-98.572696702142,29.48990104486","101717169","R","48","029","180702","2014"
"672815","4803 Bissonnet Street, BELLAIRE, TX, 77401","Match","Exact","4803 BISSONNET ST, BELLAIRE, TX, 77401","-95.462491602973,29.710325076357","96034303","L","48","201","421000","2018"
"552698","2599 STEVENSON BLVD, FREMONT, CA, 94538","Match","Exact","2599 STEVENSON BLVD, FREMONT, CA, 94538","-121.972442704202,37.550757940763","606336050","R","06","001","441929","2002"
"552697","6300 Mack Rd, Sacramento, CA, 95823","Match","Exact","6300 MACK RD, SACRAMENTO, CA, 95823","-121.429687501311,38.474169146946","133417535","R","06","067","009640","1000"
"552696","930 East Dominguez Street, Suite A, Carson, CA, 90746","Match","Non_Exact","930 E DOMINGUEZ ST, CARSON, CA, 90746","-118.258744654247,33.840357713199","241244271","R","06","037","980025","1015"
"452528","4309 MESA DR, DENTON, TX, 76207","Match","Exact","4309 MESA DR, DENTON, TX, 76207","-97.177269185098,33.234167030936","103337805","R","48","121","020405","1124"
"452526","2329 N 39TH, WACO, TX, 76708","Match","Non_Exact","2329 N 39TH ST, WACO, TX, 76708","-97.184257665674,31.55111049075","146733049","R","48","309","002700","1023"
"552699","39355 CALIFORNIA ST, FREMONT, CA, 94538","Match","Exact","39355 CALIFORNIA ST, FREMONT, CA, 94538","-121.982340325392,37.547480327667","606343685","R","06","001","441923","4028"
"052709","941 MERCHANT ST, VACAVILLE, CA, 95688","Match","Exact","941 MERCHANT ST, VACAVILLE, CA, 95688","-121.99677202613,38.348178057324","192534875","L","06","095","253101","2014"
"452524","1020 N 14th Street, BEAUMONT, TX, 77702","Match","Exact","1020 N 14TH ST, BEAUMONT, TX, 77702","-94.133208225038,30.090342802787","73852989","R","48","245","001100","3014"
"052708","3300 Vista Way, Suite A, Oceanside, CA, 92056","Match","Non_Exact","3300 VISTA WAY, OCEANSIDE, CA, 92056","-117.317458015564,33.181338744771","657454233","L","06","073","018515","2000"
"052707","1315 ALHAMBRA BLVD #100, SACRAMENTO, CA, 95816","Match","Exact","1315 ALHAMBRA BLVD, SACRAMENTO, CA, 95816","-121.466881680968,38.568739108587","133325009","L","06","067","001500","3000"
"452522","1340 Wonder World Drive, SAN MARCOS, TX, 78666","Match","Exact","1340 WONDER WORLD DR, SAN MARCOS, TX, 78666","-97.945024443028,29.849933574552","640238869","L","48","209","010402","3004"
"052706","1201 COMMERCE AVE, ATWATER, CA, 95301","Match","Exact","1201 COMMERCE AVE, ATWATER, CA, 95301","-120.610879740126,37.342898056793","125314641","L","06","047","000702","1009"
"452520","5920 BROADWAY, GALVESTON, TX, 77551","No_Match"
"672863","2922 N Mason Rd., KATY, TX, 77449","Match","Exact","2922 N MASON RD, KATY, TX, 77449","-95.752208663651,29.818430048166","96563103","R","48","201","542302","2007"
"672864","5040 Crenshaw Road, PASADENA, TX, 77505","Match","Exact","5040 CRENSHAW RD, PASADENA, TX, 77505","-95.166447915235,29.640493655111","645841839","R","48","201","324000","2024"
"672865","4675 Sweetwater Blvd, Suite B, SUGAR LAND, TX, 77479","Match","Non_Exact","4675 SWEETWATER BLVD, SUGAR LAND, TX, 77479","-95.630996448718,29.583212529533","227754621","L","48","157","674200","1011"
"672866","7600 Lakeview Parkway, ROWLETT, TX, 75088","Match","Exact","7600 LAKEVIEW PKWY, ROWLETT, TX, 75088","-96.52784987614,32.912295819201","640537859","R","48","113","018134","2000"
"672860","8181 N Stadium Drive, HOUSTON, TX, 77054","Match","Exact","8181 N STADIUM DR, HOUSTON, TX, 77054","-95.407681551654,29.68927584986","657219403","R","48","201","314402","2011"
"672861","439 E FM 1382, CEDAR HILL, TX, 75104","Match","Exact","439 E FM 1382, CEDAR HILL, TX, 75104","-96.937616478439,32.592812147363","646818742","L","48","113","016629","2005"
"672862","10405 Katy Fwy, HOUSTON, TX, 77024","Match","Exact","10405 KATY FWY, HOUSTON, TX, 77024","-95.553933897576,29.783842574348","657542178","L","48","201","430800","2010"
"672867","4743 Lexington Blvd, MISSOURI CITY, TX, 77459","Match","Exact","4743 LEXINGTON BLVD, MISSOURI CITY, TX, 77459","-95.580623639549,29.600828466334","227756832","R","48","157","671501","3013"
"672868","800 N SHILOH ROAD, GARLAND, TX, 75042","No_Match"
"672869","12727 Beamer Road, HOUSTON, TX, 77089","Match","Exact","12727 BEAMER RD, HOUSTON, TX, 77089","-95.212145966317,29.584021648347","96590592","L","48","201","350500","1026"
"372311","OU Children's Dialysis Unit, OKLAHOMA CITY, OK, 73104","No_Match"
"672874","5612 Dyer Street, EL PASO, TX, 79904","Match","Exact","5612 DYER ST, EL PASO, TX, 79904","-106.445002026082,31.828332189451","189343775","R","48","141","000600","1007"
"672875","5620 Lone Star Parkway, SAN ANTONIO, TX, 78253","Match","Exact","5620 LONE STAR PKWY, SAN ANTONIO, TX, 78253","-98.724467240253,29.488043379669","619959155","R","48","029","172005","1035"
"672876","1010 Rone Drive, WESLACO, TX, 78596","No_Match"
"672877","2441 Monarch Dr., LAREDO, TX, 78045","Match","Exact","2441 MONARCH DR, LAREDO, TX, 78045","-99.471317835764,27.608127390872","618782462","L","48","479","001726","3016"
"672870","215 N SAN SABA, SAN ANTONIO, TX, 78207","Match","Non_Exact","215 N SAN SABA ST, SAN ANTONIO, TX, 78207","-98.500092669265,29.426751953607","639526419","L","48","029","110100","3025"
"672871","3 WINDCREST NATIONAL, MAGNOLIA, TX, 77354","Match","Exact","3 WINDCREST NATIONAL, MAGNOLIA, TX, 77354","-95.605710336924,30.220087305943","79333255","L","48","339","690406","1009"
"672873","2906 S BAGDAD RD STE 120, LEANDER, TX, 78641","Match","Exact","2906 S BAGDAD RD, LEANDER, TX, 78641","-97.848854784466,30.539366272946","650113166","R","48","491","020321","2009"
"672878","2443 MONARCH AVE, LAREDO, TX, 78045","Match","Non_Exact","2443 MONARCH DR, LAREDO, TX, 78045","-99.471215603991,27.608203810705","618782462","L","48","479","001726","3016"
"322563","4333 Pan American Freeway NE, Albuquerque, NM, 87107","Match","Non_Exact","4333 PAN AMERICAN FRWY NE SVC RD, ALBUQUERQUE, NM, 87107","-106.618447063094,35.12791920717","639499323","L","35","001","003201","1037"
"672841","8486 Bellaire Blvd., HOUSTON, TX, 77036","Match","Exact","8486 BELLAIRE BLVD, HOUSTON, TX, 77036","-95.533373248851,29.705099254753","96608812","R","48","201","432904","2000"
"672842","10697 N. Loop Dr., SOCORRO, TX, 79927","Match","Exact","10697 N LOOP DR, SOCORRO, TX, 79927","-106.269433440504,31.654125124645","189432993","R","48","141","010346","2038"
"322561","4525 Rowe Ave, Farmington, NM, 87402","Match","Exact","4525 ROWE AVE, FARMINGTON, NM, 87402","-108.139937643793,36.770038996168","619753222","L","35","045","000204","2015"
"672843","1006 E INTERSTATE HIGHWAY 2, DONNA, TX, 78537","No_Match"
"322560","5221 Las Soleras Drive, Santa Fe, NM, 87507","Match","Exact","5221 LOS SOLERAS DR, SANTA FE, NM, 87507","-106.027471203573,35.62002726304","649640786","L","35","049","010317","1002"
"672844","2916 Woodridge Drive, HOUSTON, TX, 77087","No_Match"
"672840","265 SW John Jones Drive, BURLESON, TX, 76028","Match","Non_Exact","265 NW JOHN JONES DR, BURLESON, TX, 76028","-97.351642537262,32.523471438652","656243937","L","48","251","130215","2022"
"672849","2860 S. US Highway 83, ZAPATA, TX, 78076","No_Match"
"672845","4810 E Sam Houston Pkwy N, HOUSTON, TX, 77015","Match","Non_Exact","4810 SAM HOUSTON PKWY, HOUSTON, TX, 77015","-95.161946649225,29.793791204772","657523237","L","48","201","252304","1015"
"672846","3321 E. Renner Rd, RICHARDSON, TX, 75082","Match","Exact","3321 E RENNER RD, RICHARDSON, TX, 75082","-96.661747430359,32.997187118004","642831500","R","48","085","032016","1017"
"672847","9767 FM 1960 Bypass Rd W, HUMBLE, TX, 77338","Match","Exact","9767 FM 1960 BYPASS RD W, HUMBLE, TX, 77338","-95.283201462579,30.005100856876","647692508","L","48","201","240904","1006"
"672848","12606 West Park Drive, HOUSTON, TX, 77082","Match","Exact","12606 WESTPARK DR, HOUSTON, TX, 77082","-95.603578434989,29.723871427548","96612954","L","48","201","451902","1008"
"322559","250 E Amador Avenue, Las Cruces, NM, 88001","Match","Exact","250 E AMADOR AVE, LAS CRUCES, NM, 88001","-106.776295988476,32.307422753754","657642060","R","35","013","000600","3005"
"322558","8121 Central Ave NW, ALBUQUERQUE, NM, 87121","Match","Non_Exact","8121 CENTRAL AVE, ALBUQUERQUE, NM, 87121","-106.725638387119,35.076599519263","637556191","L","35","001","004759","1001"
"322557","2904 Rodeo Park Drive East, SANTA FE, NM, 87505","Match","Exact","2904 RODEO PARK DR E, SANTA FE, NM, 87505","-105.961769580594,35.634923165975","169427358","R","35","049","010316","2003"
"322556","10410 Copper Pointe Way NE, ALBUQUERQUE, NM, 87123","Match","Exact","10410 COPPER POINTE WAY NE, ALBUQUERQUE, NM, 87123","-106.528206840949,35.080712910385","645035543","R","35","001","000718","2002"
"322554","1580 Highway 264, GALLUP, NM, 87301","No_Match"
"322553","121 TOWNSGATE PLAZA, CLOVIS, NM, 88101","Match","Exact","121 TOWNSGATE PLZ, CLOVIS, NM, 88101","-103.203464631068,34.430983843372","634582650","R","35","009","000306","1029"
"672853","2850 Kirby Drive, PEARLAND, TX, 77584","Match","Exact","2850 KIRBY DR, PEARLAND, TX, 77584","-95.398121647012,29.558179650176","650041322","R","48","039","660606","1011"
"672854","7329 W Sam Houston Parkway S, HOUSTON, TX, 77072","No_Match"
"672855","7329 W Sam Houston Parkway S, HOUSTON, TX, 77072","No_Match"
"672850","6116 Sports Village Rd., FRISCO, TX, 75033","Match","Exact","6116 SPORTS VILLAGE RD, FRISCO, TX, 75033","-96.830293732899,33.162174018139","642363140","L","48","085","030410","3030"
"672856","200 West 2 Mile Road, MISSION, TX, 78574","Match","Non_Exact","200 W MILE 2 RD, MISSION, TX, 78574","-98.321467603819,26.244108607272","647587963","R","48","215","024109","1018"
"672857","6626 ANTOINE DR, HOUSTON, TX, 77091","Match","Exact","6626 ANTOINE DR, HOUSTON, TX, 77091","-95.473348675631,29.861303803007","96646925","R","48","201","532003","1000"
"672858","1950 NE Green Oaks Blvd, ARLINGTON, TX, 76006","Match","Exact","1950 NE GREEN OAKS BLVD, ARLINGTON, TX, 76006","-97.078366365377,32.775849679908","102097199","L","48","439","113104","3002"
"672859","3402 Burke Road, PASADENA, TX, 77504","Match","Exact","3402 BURKE RD, PASADENA, TX, 77504","-95.186592360677,29.660067208586","96104482","R","48","201","323601","3000"
"322567","735 W Animas St, Farmington, NM, 87401","Match","Exact","735 W ANIMAS ST, FARMINGTON, NM, 87401","-108.216171664789,36.727042806783","127413712","L","35","045","000402","1039"
"322566","1020 Lenox Ave, Las Cruces, NM, 88005","Match","Exact","1020 LENOX AVE, LAS CRUCES, NM, 88005","-106.777996983054,32.340784946481","623689468","R","35","013","000104","3022"
"322565","1415 Weimer Rd, Taos, NM, 87571","Match","Exact","1415 WEIMER RD, TAOS, NM, 87571","-105.573378904365,36.366281727298","608111123","R","35","055","952701","2060"
"322564","2050 Knudsen Avenue, Farmington, NM, 87401","Match","Exact","2050 KNUDSEN AVE, FARMINGTON, NM, 87401","-108.188529202143,36.749130492672","127440756","R","35","045","000301","4015"
"322541","1725 isleta blvd SW, ALBUQUERQUE, NM, 87105","Match","Exact","1725 ISLETA BLVD SW, ALBUQUERQUE, NM, 87105","-106.677928172535,35.051413564813","658289441","R","35","001","004502","1000"
"322540","1801 RED ROCKS DR, GALLUP, NM, 87301","Match","Non_Exact","1801 REDROCK DR, GALLUP, NM, 87301","-108.727219636491,35.508402092412","178850499","L","35","031","945503","2021"
"752540","10941 BLOOMFIELD ST., UNIT C, LOS ALAMITOS, CA, 90720","Match","Non_Exact","10941 BLOOMFIELD AVE, LOS ALAMITOS, CA, 90720","-118.063132722885,33.817803326537","609053846","R","06","059","110117","4011"
"752541","8333 IOWA ST., SUITE 200, DOWNEY, CA, 90241","Match","Exact","8333 IOWA ST, DOWNEY, CA, 90241","-118.13403645125,33.937546849319","241244988","L","06","037","551300","2001"
"752542","2789 LONG BEACH BLVD, LONG BEACH, CA, 90806","Match","Non_Exact","2789 N LONG BEACH BLVD, LONG BEACH, CA, 90806","-118.18947461977,33.808264374428","141686660","L","06","037","572202","4004"
"742737","102 VINTAGE PARK BLVD STE A L BLDG, Houston, TX, 77070","Match","Non_Exact","102 VINTAGE PARK BLVD, HOUSTON, TX, 77070","-95.574301181194,29.993862128011","645010056","L","48","201","554202","2037"
"742738","3203 FM 1960 W ROAD, Houston, TX, 77068","Match","Non_Exact","3203 FM 1960 W, HOUSTON, TX, 77068","-95.479799917952,29.998101652365","657450821","R","48","201","550405","1015"
"742735","900 N BLUE MOUND RD STE 192, SAGINAW, TX, 76131","Match","Non_Exact","900 S BLUE MOUND RD, SAGINAW, TX, 76131","-97.343158762051,32.851312322872","102115851","R","48","439","114003","1038"
"742736","1411 BONNER ST, Houston, TX, 77007","Match","Exact","1411 BONNER ST, HOUSTON, TX, 77007","-95.402316951856,29.773618995365","96061278","L","48","201","510601","1018"
"552650","2517 JENSEN AVENUE BUILDING B, SANGER, CA, 93657","Match","Non_Exact","2517 JENSEN AVE, SANGER, CA, 93657","-119.572885139574,36.706732893842","197612735","L","06","019","006002","4002"
"742733","11811 FM 1960 RD W, STE 104A, Houston, TX, 77065","No_Match"
"052334","400 N. Pepper Avenue, Colton, CA, 92324","Match","Exact","400 N PEPPER AVE, COLTON, CA, 92324","-117.352852100936,34.075520483224","616135934","L","06","071","003612","1018"
"742732","1221 E 10th St STE 106, Weslaco, TX, 78596","Match","Exact","1221 E 10TH ST, WESLACO, TX, 78596","-97.98087276664,26.150445124613","656245920","L","48","215","022704","2010"
"742740","400 River Pointe Dr, Conroe, TX, 77304","Match","Exact","400 RIVER POINTE DR, CONROE, TX, 77304","-95.463509425222,30.28444944088","79324806","L","48","339","693303","2002"
"552642","2201 JUNIPERO SIERRA BOULEVARD. #A, DALY CITY, CA, 94014","Match","Non_Exact","2201 JUNIPERO SERRA BLVD, DALY CITY, CA, 94014","-122.470645117394,37.698416592846","655794105","L","06","081","600600","1007"
"742741","9330 N SAM HOUSTON PARKWAY E, STE 100, HUMBLE, TX, 77396","Match","Exact","9330 N SAM HOUSTON PKWY E, HUMBLE, TX, 77396","-95.252936065052,29.934085540324","638593274","R","48","201","232203","2005"
"552641","13063 Rosecrans Avenue, Santa Fe Springs, CA, 90670","Match","Exact","13063 ROSECRANS AVE, SANTA FE SPRINGS, CA, 90670","-118.053155652271,33.902495307848","241254869","L","06","037","980034","1016"
"552640","3404 W. Beverly Blvd., Montebello, CA, 90640","Match","Exact","3404 W BEVERLY BLVD, MONTEBELLO, CA, 90640","-118.140197361622,34.024460951151","241173375","L","06","037","530202","3004"
"552647","464 EAST YOSEMITE AVENUE STE B, MERCED, CA, 95340","Match","Non_Exact","464 E YOSEMITE AVE, MERCED, CA, 95340","-120.461047072497,37.332067000862","125324256","R","06","047","001101","1000"
"552646","6737 N. WILLOW BLDG C, FRESNO, CA, 93710","No_Match"
"552645","6121 N. THESTA ST., STE# 102, FRESNO, CA, 93710","Match","Non_Exact","6121 N THESTA ST, FRESNO, CA, 93710","-119.783160194237,36.825119055777","197614355","L","06","019","004504","1017"
"552644","900 N. Douty Street, Hanford, CA, 93230","Match","Exact","900 N DOUTY ST, HANFORD, CA, 93230","-119.646101017593,36.334038385528","197988942","L","06","031","000902","2005"
"322538","2100 CALLE DE LA VUELTA, Suite A101, SANTA FE, NM, 87505","Match","Exact","2100 CLL DE LA VUELTA, SANTA FE, NM, 87505","-105.953772705292,35.661600097385","624775373","L","35","049","001001","2021"
"752536","4679 W. Spruce Ave Suite 101, Fresno, CA, 93727","Match","Non_Exact","4679 W SPRUCE AVE, FRESNO, CA, 93722","-119.87671155026,36.839326555479","635148229","R","06","019","004208","1028"
"322537","1903 W. Main Street, Artesia, NM, 88210","Match","Exact","1903 W MAIN ST, ARTESIA, NM, 88210","-104.420058784046,32.842122364382","636543310","L","35","015","001001","2010"
"752537","66 WEST OLIVE AVENUE, MERCED, CA, 95348","Match","Exact","66 W OLIVE AVE, MERCED, CA, 95348","-120.470507935684,37.318436072259","125324413","L","06","047","001004","3000"
"322536","STATE HWY 371 ROUTE 9, CROWNPOINT, NM, 87313","Match","Non_Exact","371 E RTE 9, CROWNPOINT, NM, 87313","-107.653908729712,35.962656575197","657719498","R","35","031","944000","2043"
"552649","757 E. Wahington Blvd., Los Angeles, CA, 90021","Match","Non_Exact","757 E WASHINGTON BLVD, LOS ANGELES, CA, 90021","-118.255914115687,34.027147139254","241132915","L","06","037","226001","1016"
"752538","1055 El Camino Real, Colma, CA, 94014","No_Match"
"322535","20 D Avenue, ZUNI, NM, 87327","Match","Exact","20 D AVE, ZUNI, NM, 87327","-108.792322259976,35.086748866151","178882557","L","35","031","940500","1036"
"552648","811 STERLING PARKWAY, LINCOLN, CA, 95648","Match","Exact","811 STERLING PKWY, LINCOLN, CA, 95648","-121.29614043055,38.87092332396","658570155","R","06","061","023502","3001"
"752539","18040 Sherman Way Suite 220, Reseda, CA, 91335","Match","Exact","18040 SHERMAN WAY, RESEDA, CA, 91335","-118.526968631809,34.200952008208","141555330","L","06","037","132301","1000"
"322534","725 HOSPITAL DR, GALLUP, NM, 87301","Match","Exact","725 HOSPITAL DR, GALLUP, NM, 87301","-108.726059225848,35.507594772473","654772324","L","35","031","945503","2021"
"752532","3446 S Mooney Boulevard, Visalia, CA, 93277","Match","Non_Exact","3446 MOONEY BLVD, VISALIA, CA, 93277","-119.313612949025,36.299834180451","202780900","L","06","107","001902","4013"
"322533","7555 ENCHANTED HILLS BLVD STE 102, RIO RANCHO, NM, 87144","No_Match"
"752533","4314 E JENSEN AVE, FRESNO, CA, 93725","Match","Exact","4314 E JENSEN AVE, FRESNO, CA, 93725","-119.753221738473,36.706865337235","197583609","R","06","019","001201","4013"
"752534","5238 Manzanita Ave, Carmichael, CA, 95608","Match","Exact","5238 MANZANITA AVE, CARMICHAEL, CA, 95608","-121.327322284485,38.661608843848","652200991","R","06","067","008117","2015"
"322531","5031 Indian School Rd NE, Albuquerque, NM, 87110","Match","Exact","5031 INDIAN SCHOOL RD NE, ALBUQUERQUE, NM, 87110","-106.589240457527,35.10195862479","206715799","L","35","001","000401","2001"
"752535","4566 Florence Ave Suite #3, Cudahy, CA, 90201","Match","Exact","4566 FLORENCE AVE, CUDAHY, CA, 90201","-118.186214598831,33.970049002838","624707873","R","06","037","534405","1000"
"322552","1300 Enterprise Rd, SOCORRO, NM, 87801","No_Match"
"752550","5 MASSIE CT, SACRAMENTO, CA, 95823","Match","Exact","5 MASSIE CT, SACRAMENTO, CA, 95823","-121.422046671076,38.4770548772","645238056","R","06","067","005002","2013"
"322551","300 UNSER BLVD NW, ALBUQUERQUE, NM, 87121","Match","Exact","300 UNSER BLVD NW, ALBUQUERQUE, NM, 87121","-106.723589223179,35.079722584188","206783411","L","35","001","004760","2004"
"752551","1328 COFFEE ROAD, MODESTO, CA, 95355","Match","Exact","1328 COFFEE RD, MODESTO, CA, 95355","-120.975579381703,37.662521581917","102605563","R","06","099","001001","3004"
"322550","4024 N PRINCE STREET, CLOVIS, NM, 88101","Match","Exact","4024 N PRINCE ST, CLOVIS, NM, 88101","-103.196501440702,34.439384400578","657705526","L","35","009","000306","1004"
"752552","4270 ROSEWOOD DR., STE E, PLEASANTON, CA, 94588","Match","Non_Exact","4270 ROSEWOOD DR, PLEASANTON, CA, 94588","-121.884076951353,37.700182651397","606847226","R","06","001","450743","2058"
"752553","1520  N BROADWAY, SANTA MARIA, CA, 93454","Match","Exact","1520 N BROADWAY, SANTA MARIA, CA, 93454","-120.43554144001,34.967078431307","108657014","R","06","083","002205","3001"
"742746","800 Highlander Ave, Midlothian, TX, 76065","No_Match"
"742744","2100 Ruben Torres Blvd, Brownsville, TX, 78526","Match","Non_Exact","2100 RUBEN TORRES SR BLVD, BROWNSVILLE, TX, 78526","-97.485726281942,25.951003819055","642823280","R","48","061","014501","1005"
"052323","Dialysis Unit 4700 Sunset Blvd., 2nd Floor, Los Angeles, CA, 90027","Match","Non_Exact","4700 SUNSET BLVD, LOS ANGELES, CA, 90027","-118.291826862155,34.098095467268","141604128","L","06","037","191201","2000"
"742745","1451 Eastchase Pkwy, Fort Worth, TX, 76120","Match","Exact","1451 EASTCHASE PKWY, FORT WORTH, TX, 76120","-97.1670961065,32.758100512405","640623171","L","48","439","106514","4001"
"052321","Division of Nephrology (Dialysis) 4650 Sunset Blvd., Box 40, Los Angeles, CA, 90027","No_Match"
"742743","12734 Woodforest Blvd., Houston, TX, 77015","Match","Exact","12734 WOODFOREST BLVD, HOUSTON, TX, 77015","-95.199877730999,29.791651773523","642472331","R","48","201","232801","1002"
"552632","2156 WEST GRANT LINE ROAD #150, TRACY, CA, 95377","Match","Exact","2156 W GRANT LINE RD, TRACY, CA, 95377","-121.456305681803,37.753990660357","133915281","L","06","077","005224","1008"
"552631","1175 Baker Street, Suite B, Costa Mesa, CA, 92626","Match","Non_Exact","1175 BAKER ST, COSTA MESA, CA, 92626","-117.906522866146,33.680100664916","609062911","L","06","059","063903","1007"
"552630","17150 Euclid Street, Suite 111, Fountain Valley, CA, 92708","Match","Exact","17150 EUCLID ST, FOUNTAIN VALLEY, CA, 92708","-117.937099494406,33.711700110878","657926007","L","06","059","099229","4003"
"552636","1536 E. 6th Street, Beaumont, CA, 92223","Match","Exact","1536 E 6TH ST, BEAUMONT, CA, 92223","-116.95142712935,33.929453909228","195085757","L","06","065","043818","2019"
"552635","7019 REALM DRIVE, SAN JOSE, CA, 95119","Match","Exact","7019 REALM DR, SAN JOSE, CA, 95119","-121.777770210878,37.228200449605","122999874","R","06","085","512032","3013"
"552633","15555 EAST 14TH STREET SUITE 520, SAN LEANDRO, CA, 94578","Match","Exact","15555 E 14TH ST, SAN LEANDRO, CA, 94578","-122.124830240304,37.702468917688","649940868","R","06","001","433102","1021"
"322549","5201 SAN MATEO BLVD NE, ALBUQUERQUE, NM, 87109","Match","Exact","5201 SAN MATEO BLVD NE, ALBUQUERQUE, NM, 87109","-106.586516205663,35.14111120979","650038995","L","35","001","003733","1006"
"752547","1100 E PARK STREET, HOLLISTER, CA, 95023","No_Match"
"322548","5751 MCMAHON BLVD NW, ALBUQUERQUE, NM, 87114","Match","Exact","5751 MCMAHON BLVD NW, ALBUQUERQUE, NM, 87114","-106.699916439481,35.213645356456","648116158","L","35","001","004755","1025"
"552639","8333 Iowa Street, Suite 100, Downey, CA, 90241","Match","Exact","8333 IOWA ST, DOWNEY, CA, 90241","-118.13403645125,33.937546849319","241244988","L","06","037","551300","2001"
"752548","3939 RUFFIN ROAD, SUITE 100, SAN DIEGO, CA, 92123","Match","Exact","3939 RUFFIN RD, SAN DIEGO, CA, 92123","-117.12152576069,32.814304602627","195321727","R","06","073","008511","3001"
"322547","3921 N. Calle Grande, HOBBS, NM, 88240","Match","Exact","3921 N CLL GRANDE, HOBBS, NM, 88240","-103.157566865775,32.743337026898","617975744","L","35","025","000504","1005"
"552638","3201 DOOLAN ROAD SUITE 175, LIVERMORE, CA, 94551","Match","Exact","3201 DOOLAN RD, LIVERMORE, CA, 94551","-121.82318021017,37.702968783697","637756601","L","06","001","450752","1032"
"752549","1510 S CENTRAL AVE STE 140, GLENDALE, CA, 91204","Match","Exact","1510 S CENTRAL AVE, GLENDALE, CA, 91204","-118.257729653955,34.127453003856","141610238","L","06","037","302401","5009"
"322546","3810 COMMONS AVE NE, ALBUQUERQUE, NM, 87109","Match","Exact","3810 COMMONS AVE NE, ALBUQUERQUE, NM, 87109","-106.603193907828,35.143599571443","206741251","R","35","001","003736","1098"
"322545","450 N MUNDO DR, DULCE, NM, 87528","No_Match"
"752543","13019 Victory Blvd, North Hollywood, CA, 91606","Match","Exact","13019 VICTORY BLVD, NORTH HOLLYWOOD, CA, 91606","-118.416240025425,34.186731093035","142716687","R","06","037","123420","3002"
"752544","3660 Wilshire Blvd, Los Angeles, CA, 90010","Match","Exact","3660 WILSHIRE BLVD, LOS ANGELES, CA, 90010","-118.304903602777,34.061659333326","141603842","L","06","037","212502","1000"
"322543","14 EAST CORDOVA AVE, CUBA, NM, 87103","Match","Non_Exact","14 E CORDOVA AVE, CUBA, NM, 87013","-106.961789487906,36.013014800935","655542963","R","35","043","010900","1042"
"752545","1287 N HACIENDA BLVD, LA PUENTE, CA, 91744","Match","Exact","1287 N HACIENDA BLVD, LA PUENTE, CA, 91744","-117.949326190264,34.04371196971","241245584","L","06","037","407501","2004"
"322542","700 Lomas Blvd NE, ALBUQUERQUE, NM, 87102","Match","Exact","700 LOMAS BLVD NE, ALBUQUERQUE, NM, 87102","-106.636973298294,35.090127413804","642853090","R","35","001","002000","2021"
"752546","1237 EAST MAIN STREET, ALHAMBRA, CA, 91801","Match","Exact","1237 E MAIN ST, ALHAMBRA, CA, 91801","-118.114354866557,34.101162135585","141633670","L","06","037","480302","1010"
"052799","1220 E. Plaza Blvd Suite 502, National City, CA, 91950","Match","Exact","1220 E PLAZA BLVD, NATIONAL CITY, CA, 91950","-117.093884558493,32.677131768189","195667549","R","06","073","011700","1005"
"052798","17197 Newhope Street, Suite A, B, C & D, Fountain Valley, CA, 92708","Match","Non_Exact","17197 NEWHOPE ST, FOUNTAIN VALLEY, CA, 92708","-117.928469710011,33.71377855611","657927881","R","06","059","099229","4000"
"752520","900 Huntington Drive Suite. B, San Marino, CA, 91108","Match","Non_Exact","900 E HUNTINGTON DR, SAN MARINO, CA, 91108","-118.126677781859,34.111899602537","141631404","R","06","037","464102","4014"
"052792","200 Wake Avenue, El Centro, CA, 92243","Match","Non_Exact","200 W WAKE AVE, EL CENTRO, CA, 92243","-115.54608088226,32.771231529631","650050279","L","06","025","011803","1001"
"052791","7403 Hellman Avenue, Rosemead, CA, 91770","Match","Exact","7403 HELLMAN AVE, ROSEMEAD, CA, 91770","-118.107024617322,34.069916689707","141640236","L","06","037","482303","1002"
"742716","2700 S Central Expressway, McKinney, TX, 75070","Match","Non_Exact","2700 CENTRAL EXPY, MCKINNEY, TX, 75070","-96.640863830299,33.175829805119","123491351","L","48","085","030607","3011"
"052311","Sr. Elizabeth Bldg. 1100 W. Stewart Drive, Orange, CA, 92868","Match","Non_Exact","1100 W STEWART DR, ORANGE, CA, 92868","-117.865147127176,33.782322890432","144041344","L","06","059","076001","5008"
"052796","5244 MADISON AVENUE, SACRAMENTO, CA, 95841","Match","Exact","5244 MADISON AVE, SACRAMENTO, CA, 95841","-121.342538168013,38.660726251323","648350939","R","06","067","007503","1004"
"742711","627 N Baylor Street, Cotulla, TX, 78014","Match","Exact","627 N BAYLOR ST, COTULLA, TX, 78014","-99.240248357026,28.440226796599","651893263","R","48","283","950301","1004"
"742712","326 SINGING OAKS DR, STE 155, Spring Branch, TX, 78070","Match","Non_Exact","326 SINGING OAKS, SPRING BRANCH, TX, 78070","-98.419941921321,29.800986050276","654963549","L","48","091","310702","2012"
"052794","2310 Alcazar Street, Los Angeles, CA, 90033","Match","Exact","2310 ALCAZAR ST, LOS ANGELES, CA, 90033","-118.198985947269,34.062752934885","651724552","R","06","037","203300","1019"
"052793","1125 INDUSTRIAL RD SUITE G, SAN CARLOS, CA, 94070","Match","Non_Exact","1125 INDUSTRIAL RD, SAN CARLOS, CA, 94070","-122.246084797625,37.501703851423","192385641","L","06","081","609100","2024"
"752518","1503 E. Main St, Santa Maria, CA, 93458","Match","Non_Exact","1503 E MAIN ST, SANTA MARIA, CA, 93454","-120.411071579608,34.952938270157","108596065","L","06","083","002211","3014"
"322519","2801 N MAIN SUITE H, ROSWELL, NM, 88201","No_Match"
"552624","11611 Bellflower Blvd., Downey, CA, 90241","Match","Exact","11611 BELLFLOWER BLVD, DOWNEY, CA, 90241","-118.125486597293,33.931331250973","655796166","R","06","037","551101","1000"
"752519","17125 Silica Drive Suite 100, Victorville, CA, 92395","No_Match"
"322518","246 MILLS AVE, LAS VEGAS, NM, 87701","Match","Exact","246 MILLS AVE, LAS VEGAS, NM, 87701","-105.220130746107,35.606675301414","639671618","L","35","047","957200","1011"
"552623","3101 Pegasus Drive, Suite 100, Bakersfield, CA, 93308","Match","Exact","3101 PEGASUS DR, BAKERSFIELD, CA, 93308","-119.064332056157,35.431278595329","109081387","R","06","029","000106","1014"
"552622","22555 Alessandro Blvd., Moreno Valley, CA, 92553","Match","Exact","22555 ALESSANDRO BLVD, MORENO VALLEY, CA, 92553","-117.269050196869,33.916991132757","194856293","R","06","065","046700","2004"
"322516","814 W ADOBE DR, DEMING, NM, 88030","Match","Exact","814 W ADOBE DR, DEMING, NM, 88030","-107.767120072203,32.255683536941","201343579","R","35","029","000300","3044"
"552629","801 DAVIS STREET, SAN LEANDRO, CA, 94577","Match","Exact","801 DAVIS ST, SAN LEANDRO, CA, 94577","-122.163704302155,37.722795367458","125011968","L","06","001","432601","1028"
"752514","1951 Citracado Pkwy, Escondido, CA, 92029","Match","Exact","1951 CITRACADO PKWY, ESCONDIDO, CA, 92029","-117.119839591024,33.113800425375","612890250","R","06","073","020313","1047"
"322515","US HIGHWAY 491 N, SHIPROCK, NM, 87420","No_Match"
"552628","10557 Juniper Avenue, Suite B, Fontana, CA, 92337","Match","Non_Exact","10557 JUNIPER AVE, FONTANA, CA, 92337","-117.43990518377,34.062126823673","653170222","L","06","071","002609","1007"
"752515","1601 Raiders Way, Oxnard, CA, 93033","Match","Non_Exact","1601 RAIDER WAY, OXNARD, CA, 93033","-119.161337484933,34.171712783117","110116735","L","06","111","004711","1000"
"322514","1335 MAESTAS RD, TAOS, NM, 87571","Match","Exact","1335 MAESTAS RD, TAOS, NM, 87571","-105.574963166718,36.368352447495","608110796","R","35","055","952701","2060"
"552627","3660 Park Sierra Dr, Suite 108, Riverside, CA, 92505","Match","Exact","3660 PARK SIERRA DR, RIVERSIDE, CA, 92505","-117.472525804481,33.905541500778","194875190","R","06","065","041408","1003"
"752516","3814 M, OAKLAND, CA, 94619","No_Match"
"322513","1420 CALLE DE LA MERCED, ESPANOLA, NM, 87532","No_Match"
"552626","14135 Main Street, Suite 501, Hesperia, CA, 92345","Match","Exact","14135 MAIN ST, HESPERIA, CA, 92345","-117.354432382318,34.4266859896","649810320","L","06","071","010031","1001"
"752517","4036 Whittier Blvd, Suite 100, Los Angeles, CA, 90023","Match","Exact","4036 WHITTIER BLVD, LOS ANGELES, CA, 90023","-118.184923569038,34.023868109043","141625645","R","06","037","531301","3002"
"752510","26861 Bouquet Canyon Rd, Santa Clarita, CA, 91350","Match","Exact","26861 BOUQUET CANYON RD, SANTA CLARITA, CA, 91350","-118.525205353977,34.434397686256","142701888","L","06","037","920017","2009"
"322511","2800 PALMILLA RD, LOS LUNAS, NM, 87031","No_Match"
"752511","5939 Canoga Ave, Woodland Hills, CA, 91367","Match","Non_Exact","5939 N CANOGA AVE, WOODLAND HILLS, CA, 91367","-118.597594008933,34.178023971924","241188635","L","06","037","137103","4001"
"322510","1213 BONITA ST, GRANTS, NM, 87020","Match","Non_Exact","1213 BONITA AVE, GRANTS, NM, 87020","-107.828436477709,35.162881399762","639500618","L","35","006","974201","1014"
"752512","2415 SAN PABLO ROAD, SUITE 504, SAN PABLO, CA, 94806","Match","Non_Exact","2415 SAN PABLO DAM RD, SAN PABLO, CA, 94806","-122.331240564042,37.954633000552","639860726","L","06","013","369001","2000"
"752513","11239 S. Western Ave, Los Angeles, CA, 90047","Match","Exact","11239 S WESTERN AVE, LOS ANGELES, CA, 90047","-118.309051745163,33.932268076215","142753817","R","06","037","600302","2012"
"052789","212 S. Richmond Road, Ridgecrest, CA, 93555","Match","Non_Exact","212 RICHMOND RD, RIDGECREST, CA, 93555","-117.648030866598,35.620414484408","109036696","L","06","029","005410","1008"
"322530","905 LOUISIANA BLVD NE, ALBUQUERQUE, NM, 87110","Match","Exact","905 LOUISIANA BLVD NE, ALBUQUERQUE, NM, 87110","-106.568766257808,35.088228461246","206717552","L","35","001","000601","3029"
"052305","2220 MOORPARK AVENUE, SAN JOSE, CA, 95128","Match","Exact","2220 MOORPARK AVE, SAN JOSE, CA, 95128","-121.933588815498,37.316058974402","123180705","L","06","085","502101","1012"
"052788","5820 Downey Avenue, Long Beach, CA, 90805","Match","Exact","5820 DOWNEY AVE, LONG BEACH, CA, 90805","-118.151131293054,33.8618910525","141699022","R","06","037","570100","1006"
"052787","10700 MacArthur Blvd. Building 7, Oakland, CA, 94605","No_Match"
"752530","1536 E Katella Avenue, Orange, CA, 92867","Match","Exact","1536 E KATELLA AVE, ORANGE, CA, 92867","-117.83738049101,33.809116269317","144031772","R","06","059","076206","1000"
"052786","10690 SAN PABLO AVENUE, EL CERRITO, CA, 94530","Match","Exact","10690 SAN PABLO AVE, EL CERRITO, CA, 94530","-122.309283129728,37.912551003713","657859095","R","06","013","387000","3007"
"752531","785 ORANGE DR, VACAVILLE, CA, 95687","Match","Exact","785 ORANGE DR, VACAVILLE, CA, 95687","-121.934149481415,38.384651298264","192607058","L","06","095","252911","2000"
"052781","12126 Victory Blvd., North Hollywood, CA, 91606","Match","Exact","12126 VICTORY BLVD, NORTH HOLLYWOOD, CA, 91606","-118.398918978764,34.186617704883","141564110","L","06","037","123901","2006"
"052780","570 N. Second Street, El Cajon, CA, 92021","Match","Exact","570 N 2ND ST, EL CAJON, CA, 92021","-116.935807352244,32.801502614836","195333405","L","06","073","016302","2003"
"052785","1721 W. Whittier Blvd., Montebello, CA, 90640","Match","Non_Exact","1721 WHITTIER BLVD, MONTEBELLO, CA, 90640","-118.11953086005,34.012339388421","141639499","L","06","037","532001","1002"
"052784","7500 WEST LANE, STOCKTON, CA, 95210","Match","Exact","7500 WEST LN, STOCKTON, CA, 95210","-121.294748292609,38.01732706999","133845361","R","06","077","003410","1003"
"742723","2300 W INTERSTATE 20, ARLINGTON, TX, 76017","Match","Non_Exact","2300 I- 20 W, ARLINGTON, TX, 76017","-97.143347288483,32.673949206203","102111860","L","48","439","111530","1003"
"052783","305 E. GRANGER AVE.., STE. 102, MODESTO, CA, 95350","Match","Exact","305 E GRANGER AVE, MODESTO, CA, 95350","-120.988950405898,37.667314095508","643086940","L","06","099","001100","2003"
"052782","900 S. Mountain Avenue, Monrovia, CA, 91016","Match","Non_Exact","900 MOUNTAIN AVE, MONROVIA, CA, 91016","-117.98621145287,34.14314394097","142807476","R","06","037","431002","1006"
"742721","901 Plaza Drive, Mission, TX, 78572","No_Match"
"742730","1516 RANCH ROAD 620 S, STE 400, LAKEWAY, TX, 78734","Match","Exact","1516 RANCH RD 620 S, LAKEWAY, TX, 78734","-97.964550530731,30.346728022532","63995674","R","48","453","033600","2019"
"552614","3744 Long Beach Blvd., Long Beach, CA, 90807","Match","Non_Exact","3744 N LONG BEACH BLVD, LONG BEACH, CA, 90807","-118.189281525152,33.825335172798","141686182","R","06","037","577900","2002"
"752529","18040 Sherman Way #100, Reseda, CA, 91335","Match","Exact","18040 SHERMAN WAY, RESEDA, CA, 91335","-118.526968631809,34.200952008208","141555330","L","06","037","132301","1000"
"552613","2850 Inland Empire Blvd., Suite C, Ontario, CA, 91764","Match","Non_Exact","2850 INLAND EMPIRE BLVD, ONTARIO, CA, 91764","-117.591089981981,34.070172379674","658662720","R","06","071","002109","3008"
"322529","902 A WEST PIERCE, CARLSBAD, NM, 88220","Match","Non_Exact","902 W PIERCE ST, CARLSBAD, NM, 88220","-104.236646600542,32.435801482094","131255996","R","35","015","000300","4010"
"552612","3071 GOLD CANAL DRIVE, RANCHO CORDOVA, CA, 95670","Match","Exact","3071 GOLD CANAL DR, RANCHO CORDOVA, CA, 95670","-121.268534104078,38.592495200419","133349092","R","06","067","009010","4003"
"322528","2525 S TELSHOR BLVD STE B, LAS CRUCES, NM, 88011","Match","Non_Exact","2525 S TELSHOR BLVD, LAS CRUCES, NM, 88011","-106.734799310185,32.290968001557","612729295","R","35","013","001205","3028"
"552611","400 N WIGET LANE, WALNUT CREEK, CA, 94598","Match","Exact","400 N WIGET LN, WALNUT CREEK, CA, 94598","-122.028482291475,37.929648042471","192056862","R","06","013","338201","2011"
"322527","3961 E LOHMAN AVE STE 29, LAS CRUCES, NM, 88011","Match","Exact","3961 E LOHMAN AVE, LAS CRUCES, NM, 88011","-106.733014467441,32.320156136346","657638922","L","35","013","001206","1005"
"552618","2135 Montiel Road, Bldg. B, San Marcos, CA, 92069","Match","Non_Exact","2135 MONTIEL RD, SAN MARCOS, CA, 92069","-117.117387728837,33.132139004143","651645705","R","06","073","020309","1025"
"752525","10211 Long Beach Blvd, Lynwood, CA, 90262","Match","Exact","10211 LONG BEACH BLVD, LYNWOOD, CA, 90262","-118.21538289744,33.942720523472","141677476","R","06","037","540201","1007"
"322526","900 S SIXTH ST, RATON, NM, 87740","Match","Exact","900 S 6TH ST, RATON, NM, 87740","-104.446871614082,36.894504221586","171184662","L","35","007","950600","1025"
"552617","3660 Park Sierra Drive, Suite 103, Riverside, CA, 92505","Match","Exact","3660 PARK SIERRA DR, RIVERSIDE, CA, 92505","-117.472525804481,33.905541500778","194875190","R","06","065","041408","1003"
"752526","2401 E. ORANGEBURG AVE, SUITE 340, MODESTO, CA, 95355","Match","Exact","2401 E ORANGEBURG AVE, MODESTO, CA, 95355","-120.954767984584,37.663602581485","102606551","L","06","099","000905","1004"
"552616","269 E. Caroline Street, Suite A, San Bernardino, CA, 92408","Match","Non_Exact","269 E CAROLINE ST, SAN BERNARDINO, CA, 92408","-117.280054595007,34.061438250327","144659499","L","06","071","007110","3003"
"752527","20359 LAKE CHABOT ROAD, CASTRO VALLEY, CA, 94546","Match","Exact","20359 LAKE CHABOT RD, CASTRO VALLEY, CA, 94546","-122.086840116407,37.696301274669","637715828","R","06","001","430900","3000"
"322524","I-40 EXIT 102, SAN FIDEL, NM, 87049","No_Match"
"752528","4223 East Anaheim Street, Long Beach, CA, 90804","Match","Exact","4223 E ANAHEIM ST, LONG BEACH, CA, 90804","-118.143433187748,33.782653566194","141702118","L","06","037","575002","3009"
"322523","5200 San Mateo Blvd NE, Albuquerque, NM, 87109","Match","Exact","5200 SAN MATEO BLVD NE, ALBUQUERQUE, NM, 87109","-106.586356891186,35.139846035297","650038995","R","35","001","003740","1003"
"322522","2319 OSBORNE RD, CARLSBAD, NM, 88220","Match","Exact","2319 OSBORNE RD, CARLSBAD, NM, 88220","-104.255576271283,32.438137896688","131208987","R","35","015","000401","3003"
"752522","1335 PINOLE VALLEY RD, PINOLE, CA, 94564","Match","Exact","1335 PINOLE VALLEY RD, PINOLE, CA, 94564","-122.286737044922,37.999193412867","655814151","L","06","013","359103","2000"
"322521","2827 N DAL PASO STE 105, HOBBS, NM, 88240","Match","Non_Exact","2827 N DAL PASO ST, HOBBS, NM, 88240","-103.127699121322,32.730851646126","646692764","L","35","025","000503","1021"
"752523","172 N. Raymond Ave, Fullerton, CA, 92831","Match","Exact","172 N RAYMOND AVE, FULLERTON, CA, 92831","-117.90692514437,33.871217514314","144025603","R","06","059","011403","3008"
"322520","4045 JACKIE RD SE, RIO RANCHO, NM, 87124","Match","Exact","4045 JACKIE RD SE, RIO RANCHO, NM, 87124","-106.654358117955,35.237416523981","194032537","L","35","043","010732","4011"
"052778","23861 W. McBean Parkway, Suite E-11, Valencia, CA, 91355","No_Match"
"052776","56845 Twenty-Nine Palms Highway,, Yucca Valley, CA, 92284","Match","Exact","56845 29 PALMS HWY, YUCCA VALLEY, CA, 92284","-116.42407397819,34.12055217018","657728483","R","06","071","010413","3000"
"052779","7007 Mission Gorge Road, 1st Floor, San Diego, CA, 92120","Match","Exact","7007 MISSION GORGE RD, SAN DIEGO, CA, 92120","-117.091573262639,32.79986734432","195741017","R","06","073","009602","1001"
"052770","2711 CINEMA WAY #111, SELMA, CA, 93662","Match","Exact","2711 CINEMA WAY, SELMA, CA, 93662","-119.624229242549,36.572935100588","642276667","L","06","019","007102","1016"
"552690","20430 Hawthorne Blvd., Torrance, CA, 90503","Match","Exact","20430 HAWTHORNE BLVD, TORRANCE, CA, 90503","-118.35354430895,33.846238378663","141663780","L","06","037","650605","1002"
"552694","16506 Lakewood Blvd, Suite 100, Bellflower, CA, 90706","Match","Exact","16506 LAKEWOOD BLVD, BELLFLOWER, CA, 90706","-118.142563063116,33.884612917403","141699249","L","06","037","554201","2004"
"052773","14014 Magnolia St., Westminster, CA, 92683","Match","Exact","14014 MAGNOLIA ST, WESTMINSTER, CA, 92683","-117.972247179685,33.758929477314","657928580","R","06","059","088905","1001"
"552693","17197 Newhope Street, Suite E, Fountain Valley, CA, 92708","Match","Non_Exact","17197 NEWHOPE ST, FOUNTAIN VALLEY, CA, 92708","-117.928469710011,33.71377855611","657927881","R","06","059","099229","4000"
"052772","290 Hospital Circle, Westminster, CA, 92683","No_Match"
"552692","1666 W. Third Street, Los Angeles, CA, 90017","Match","Exact","1666 W 3RD ST, LOS ANGELES, CA, 90017","-118.267413251997,34.060592213219","141616486","L","06","037","209104","1002"
"552691","4141 Katella Avenue, Los Alamitos, CA, 90720","Match","Exact","4141 KATELLA AVE, LOS ALAMITOS, CA, 90720","-118.06085924692,33.803203689499","635895037","L","06","059","110113","2021"
"552687","501 S. Brand Blvd., San Fernando, CA, 91340","Match","Exact","501 S BRAND BLVD, SAN FERNANDO, CA, 91340","-118.44281383013,34.279586686978","141547766","R","06","037","320300","3022"
"552685","16060 CAPUTO DRIVE, SUITE 140, MORGAN HILL, CA, 95037","Match","Exact","16060 CAPUTO DR, MORGAN HILL, CA, 95037","-121.634123148727,37.117885810591","122948580","R","06","085","512310","2005"
"552684","1900 Outlet Center Dr., OXNARD, CA, 93036","Match","Exact","1900 OUTLET CENTER DR, OXNARD, CA, 93036","-119.149217550105,34.218881752282","110125322","R","06","111","004902","1005"
"552689","275 S ORCHARD, UKIAH, CA, 95482","Match","Non_Exact","275 S ORCHARD AVE, UKIAH, CA, 95482","-123.198852664563,39.149418559191","67267917","R","06","045","011502","1026"
"552688","4200 MACDONALD AVE., STE A, RICHMOND, CA, 94805","Match","Non_Exact","4200 MACDONALD AVE, RICHMOND, CA, 94805","-122.329846481186,37.933103326667","192041393","R","06","013","381000","1003"
"052764","1801 W. Valley Blvd., Suite 204, Alhambra, CA, 91803","Match","Exact","1801 W VALLEY BLVD, ALHAMBRA, CA, 91803","-118.143196607808,34.077468345559","142255578","R","06","037","480902","2012"
"052769","636 CLAY STREET, SAN FRANCISCO, CA, 94111","Match","Exact","636 CLAY ST, SAN FRANCISCO, CA, 94111","-122.404312177871,37.794573239104","192281281","R","06","075","061101","2016"
"742706","145 Promenade Way, Sugar Land, TX, 77479","No_Match"
"052768","1181 N. State St., San Jacinto, CA, 92583","Match","Exact","1181 N STATE ST, SAN JACINTO, CA, 92583","-116.972003365898,33.803387864933","194753979","L","06","065","043509","1012"
"742705","2727 BOLTON BOONE DRIVE SUITE 103, Desoto, TX, 75115","Match","Exact","2727 BOLTON BOONE DR, DESOTO, TX, 75115","-96.878509886609,32.644501102898","657162635","R","48","113","016638","1027"
"742702","1329 W Walnut Hill LN Ste 110, Irving, TX, 75038","Match","Exact","1329 W WALNUT HILL LN, IRVING, TX, 75038","-96.970868208364,32.885109310675","102993194","R","48","113","014159","2066"
"552683","8243 E STOCKTON BLVD Suite C, SACRAMENTO, CA, 95828","Match","Non_Exact","8243 E STOCKTON BLVD, SACRAMENTO, CA, 95828","-121.412129903519,38.461131008387","133373286","L","06","067","009320","1000"
"052762","1801 Holser Walk, Suite 310, Oxnard, CA, 93030","Match","Non_Exact","1801 HOLSER WALK, OXNARD, CA, 93036","-119.157148650856,34.220273642272","110124929","L","06","111","004902","1004"
"552682","159 2nd Ave, San Mateo, CA, 94401","Match","Exact","159 2ND AVE, SAN MATEO, CA, 94401","-122.324410121069,37.565546177341","192377882","L","06","081","606300","3007"
"742701","1313 S E Military, San Antonio, TX, 78214","Match","Non_Exact","1313 SE MILITARY DR, SAN ANTONIO, TX, 78214","-98.477343168133,29.354149673183","637823110","L","48","029","150800","2022"
"052761","7612 Atlantic Avenue, Cudahy, CA, 90201","Match","Exact","7612 ATLANTIC AVE, CUDAHY, CA, 90201","-118.187002465477,33.96643365484","647491943","L","06","037","534405","2000"
"052760","1801 W. Valley Blvd., Suite 102, Alhambra, CA, 91803","Match","Exact","1801 W VALLEY BLVD, ALHAMBRA, CA, 91803","-118.143196607808,34.077468345559","142255578","R","06","037","480902","2012"
"552680","2163 COUNTRY HILLS DR, ANTIOCH, CA, 94509","Match","Exact","2163 COUNTRY HILLS DR, ANTIOCH, CA, 94509","-121.783902565962,37.970345319989","657878555","R","06","013","355109","3012"
"552676","1821 W. Lincoln Avenue, Anaheim, CA, 92801","Match","Exact","1821 W LINCOLN AVE, ANAHEIM, CA, 92801","-117.946846228317,33.832588954391","144254282","R","06","059","087102","5003"
"552675","8239 Rochester Avenue, Suite 110, Rancho Cucamonga, CA, 91730","Match","Exact","8239 ROCHESTER AVE, RANCHO CUCAMONGA, CA, 91730","-117.545627092534,34.104092592354","144986400","L","06","071","002207","1020"
"552674","9325 Reseda Blvd., Northridge, CA, 91324","Match","Exact","9325 RESEDA BLVD, NORTHRIDGE, CA, 91324","-118.536156531222,34.239594690215","141541098","L","06","037","115204","1007"
"552673","43576 Washington Street, Suite 101, La Quinta, CA, 92253","Match","Exact","43576 WASHINGTON ST, LA QUINTA, CA, 92253","-116.303811210177,33.733195547202","653163056","L","06","065","045214","4006"
"322509","1760 GRANDE BLVD STE 100, RIO RANCHO, NM, 87124","Match","Non_Exact","1760 GRANDE BLVD SE, RIO RANCHO, NM, 87124","-106.661888886232,35.227133484546","657400596","L","35","043","010719","3000"
"752507","1840 EAST MAIN STREET, WOODLAND, CA, 95776","Match","Exact","1840 E MAIN ST, WOODLAND, CA, 95776","-121.736734733396,38.677120738919","67690955","L","06","113","011209","1001"
"322508","2578 MEDICAL DR, ALAMOGORDO, NM, 88310","Match","Exact","2578 MEDICAL DR, ALAMOGORDO, NM, 88310","-105.932898546458,32.925203298259","617765752","L","35","035","000304","1002"
"552679","1345 W. Bush Street, Lemoore, CA, 93245","Match","Exact","1345 W BUSH ST, LEMOORE, CA, 93245","-119.801102598633,36.298178547257","197959847","L","06","031","000402","3000"
"752508","2955 NORTH CORRAL HOLLOW RD, STE 101, TRACY, CA, 95376","Match","Non_Exact","2955 CORRAL HOLLOW RD, TRACY, CA, 95376","-121.453360484645,37.757442374208","635757448","R","06","077","005224","1001"
"322507","1310 SUNSET LN, SILVER CITY, NM, 88061","No_Match"
"552678","3595 Van Buren Blvd., Suite 101, Riverside, CA, 92503","Match","Exact","3595 VAN BUREN BLVD, RIVERSIDE, CA, 92503","-117.443770164558,33.917086813515","647437501","R","06","065","031601","1006"
"752509","11859 Wilshire Blvd. Suite 100, Los Angeles, CA, 90025","Match","Exact","11859 WILSHIRE BLVD, LOS ANGELES, CA, 90025","-118.463664678983,34.047265973001","141568344","R","06","037","264304","2008"
"322506","1500 INDIAN SCHOOL RD NE, ALBUQUERQUE, NM, 87102","Match","Exact","1500 INDIAN SCHOOL RD NE, ALBUQUERQUE, NM, 87102","-106.628018040592,35.098585822247","634815684","R","35","001","000300","6008"
"552677","340 4th Avenue, Suite 18, Chula Vista, CA, 91910","Match","Exact","340 4TH AVE, CHULA VISTA, CA, 91910","-117.083253600286,32.638086436583","195682512","R","06","073","012700","3000"
"322505","3875 FOOTHILLS RD, LAS CRUCES, NM, 88011","Match","Exact","3875 FOOTHILLS RD, LAS CRUCES, NM, 88011","-106.736493206113,32.320132624757","612720826","L","35","013","001206","1006"
"752503","1824 E. Slauson Ave, Vernon, CA, 90058","Match","Exact","1824 E SLAUSON AVE, VERNON, CA, 90058","-118.240597392136,33.989192704907","142650409","R","06","037","532700","2001"
"322504","11296 LOMAS BLVD NE, ALBUQUERQUE, NM, 87112","Match","Exact","11296 LOMAS BLVD NE, ALBUQUERQUE, NM, 87112","-106.52526139667,35.086990220179","206777675","R","35","001","000704","3007"
"752504","14001 Osborne St, Arleta, CA, 91331","Match","Exact","14001 OSBORNE ST, ARLETA, CA, 91331","-118.437863679716,34.233547150427","141549958","R","06","037","119400","3012"
"322503","801 W BROADWAY, FARMINGTON, NM, 87401","Match","Exact","801 W BROADWAY, FARMINGTON, NM, 87401","-108.218311745923,36.727924740304","657304764","L","35","045","000402","1040"
"752505","1320 DECOTO ROAD, STE 100, UNION CITY, CA, 94587","Match","Exact","1320 DECOTO RD, UNION CITY, CA, 94587","-122.019729484833,37.592107687126","606266914","L","06","001","440338","3000"
"752506","65 NIELSON ST., STE.145, WATSONVILLE, CA, 95076","Match","Non_Exact","65 NEILSON ST, WATSONVILLE, CA, 95076","-121.793243132688,36.928223108266","636417025","L","06","087","110601","1013"
"322501","641 HARKLE RD, SANTA FE, NM, 87505","Match","Exact","641 HARKLE RD, SANTA FE, NM, 87505","-105.948774130054,35.660245043799","169396161","L","35","049","001001","2022"
"322500","1600 RANDOLPH SE STE 100, ALBUQUERQUE, NM, 87106","Match","Non_Exact","1600 RANDOLPH RD SE, ALBUQUERQUE, NM, 87106","-106.630687213739,35.052526235735","206745998","L","35","001","001202","1011"
"752500","2212 E. 4th Street, Suite 101, Santa Ana, CA, 92705","Match","Exact","2212 E 4TH ST, SANTA ANA, CA, 92705","-117.835957166183,33.748062717746","609056604","R","06","059","075403","3019"
"752501","1930 Walker Ave, Monrovia, CA, 91016","Match","Exact","1930 WALKER AVE, MONROVIA, CA, 91016","-118.000188015763,34.129974431098","141646778","L","06","037","431100","2027"
"752502","1090 Atlantic Ave, Long Beach, CA, 90813","Match","Exact","1090 ATLANTIC AVE, LONG BEACH, CA, 90813","-118.184958370984,33.78062281706","657134876","R","06","037","576302","3019"
"052756","332 Santa Fe Drive, Suite 100, Encinitas, CA, 92024","Match","Exact","332 SANTA FE DR, ENCINITAS, CA, 92024","-117.28558505301,33.036282192333","195730240","L","06","073","017501","3000"
"052753","1610 WEST KETTLEMAN LANE, SUITE D, LODI, CA, 95242","Match","Non_Exact","1610 W KETTLEMAN LN, LODI, CA, 95242","-121.292289555813,38.115323855285","133840907","R","06","077","004305","4000"
"052759","508 CONTRA COSTA BLVD #D, PLEASANT HILL, CA, 94523","Match","Non_Exact","508 CONTRA COSTA BLVD, PLEASANT HILL, CA, 94523","-122.067154072179,37.981083798281","192047840","R","06","013","321200","2008"
"052758","365 LENNON LANE #160, WALNUT CREEK, CA, 94598","Match","Exact","365 LENNON LN, WALNUT CREEK, CA, 94598","-122.030180629076,37.927860256903","192056842","L","06","013","338201","2016"
"052757","1800 N. Park Blvd, Pittsburg, CA, 94565","Match","Exact","1800 N PARK BLVD, PITTSBURG, CA, 94565","-121.861086760606,38.010772529196","657868146","R","06","013","312000","1021"
"052752","3011 CERES AVENUE #125, CHICO, CA, 95973","Match","Exact","3011 CERES AVE, CHICO, CA, 95973","-121.838652470456,39.775398607256","68459213","R","06","007","000104","4001"
"552672","1661 INDUSTRIAL PARKWAY WEST, HAYWARD, CA, 94544","Match","Exact","1661 INDUSTRIAL PKWY W, HAYWARD, CA, 94544","-122.068447059523,37.617704860934","657843035","R","06","001","438203","1038"
"052751","8095 Camino Arroyo #100, GILROY, CA, 95020","Match","Exact","8095 CAM ARROYO, GILROY, CA, 95020","-121.560590173719,37.019409090202","618187616","R","06","085","512602","1021"
"552671","610 N. Eucalyptus Avenue, Inglewood, CA, 90302","Match","Exact","610 N EUCALYPTUS AVE, INGLEWOOD, CA, 90302","-118.358764654048,33.970357154776","141654359","R","06","037","601302","1001"
"552670","1040 HAMILTON COURT, MENLO PARK, CA, 94025","Match","Exact","1040 HAMILTON CT, MENLO PARK, CA, 94025","-122.14796345569,37.478392994576","606650028","R","06","081","611800","1003"
"552665","1000 Marshall Street, REDWOOD CITY, CA, 94063","Match","Exact","1000 MARSHALL ST, REDWOOD CITY, CA, 94063","-122.224746358636,37.487630372978","192361293","R","06","081","610202","2048"
"552664","1150 E LELAND ROAD, PITTSBURG, CA, 94565","Match","Non_Exact","1150 W LELAND RD, PITTSBURG, CA, 94565","-121.935288047353,38.015523772438","192059922","R","06","013","313203","1008"
"552663","7223 Church Street, Suite A-14, Highland, CA, 92346","Match","Exact","7223 CHURCH ST, HIGHLAND, CA, 92346","-117.173773232346,34.122464349445","144662632","L","06","071","007906","1006"
"552662","1808 Verdugo Blvd., Suite 200, Glendale, CA, 91208","Match","Non_Exact","1808 N VERDUGO RD, GLENDALE, CA, 91208","-118.226024746225,34.174415475723","142730485","R","06","037","300800","1004"
"552669","2765 16th Street, San Francisco, CA, 94103","Match","Exact","2765 16TH ST, SAN FRANCISCO, CA, 94103","-122.414515978903,37.765305004912","642621513","L","06","075","017700","2026"
"552667","5942 Rugby Avenue, Huntington Park, CA, 90255","Match","Exact","5942 RUGBY AVE, HUNTINGTON PARK, CA, 90255","-118.226454019593,33.988000137026","142696444","L","06","037","532605","2001"
"552666","228 N. Garfield Avenue, #301, Monterey Park, CA, 91754","Match","Exact","228 N GARFIELD AVE, MONTEREY PARK, CA, 91754","-118.122776916529,34.064098012723","241240933","R","06","037","481711","1002"
"052744","17815 Ventura Blvd., Suite 100, Encino, CA, 91316","Match","Exact","17815 VENTURA BLVD, ENCINO, CA, 91316","-118.520548358099,34.163058467361","141555899","R","06","037","139504","1002"
"052743","4041 University Parkway, San Bernardino, CA, 92407","Match","Exact","4041 UNIVERSITY PKWY, SAN BERNARDINO, CA, 92407","-117.332770971494,34.165324155659","145226384","L","06","071","004601","5000"
"052747","3780 Kilroy Airport Way, Suite 110, Long Beach, CA, 90806","No_Match"
"052746","11300 Hawthorne Blvd, INGLEWOOD, CA, 90304","Match","Exact","11300 HAWTHORNE BLVD, INGLEWOOD, CA, 90304","-118.352390358349,33.932419170251","647519737","L","06","037","602104","2000"
"552661","1580 W. Rosecrans Avenue, Compton, CA, 90220","Match","Exact","1580 W ROSECRANS AVE, COMPTON, CA, 90220","-118.247901307044,33.902931725343","141674835","L","06","037","542800","1005"
"052740","858 Fletcher Parkway, El Cajon, CA, 92020","Match","Exact","858 FLETCHER PKWY, EL CAJON, CA, 92020","-116.973070687103,32.807725279761","195328350","R","06","073","016202","1049"
"552660","3722 E. Colorado Blvd., Pasadena, CA, 91107","Match","Exact","3722 E COLORADO BLVD, PASADENA, CA, 91107","-118.072682911089,34.146235826957","141634407","R","06","037","463103","4010"
"552653","3376 NORTH HIGHWAY 59 SUITE I, MERCED, CA, 95348","Match","Non_Exact","3376 STATE RTE 59, MERCED, CA, 95348","-120.504639302744,37.326125606991","645220382","R","06","047","001003","2000"
"552652","1450 S WHITE ROAD #30, SAN JOSE, CA, 95127","Match","Exact","1450 S WHITE RD, SAN JOSE, CA, 95127","-121.814303723008,37.35092137852","122998371","L","06","085","503508","3010"
"552657","801 S. San Gabriel Blvd., San Gabriel, CA, 91776","Match","Exact","801 S SAN GABRIEL BLVD, SAN GABRIEL, CA, 91776","-118.090944331058,34.093091029568","141640631","R","06","037","481103","2009"
"552655","2205 W. Ross Avenue, Suite 3, El Centro, CA, 92243","Match","Non_Exact","2205 ROSS AVE, EL CENTRO, CA, 92243","-115.580478863768,32.781413990248","194494381","L","06","025","011801","2021"
"552659","2723 W. Temple St, Los Angeles, CA, 90026","Match","Exact","2723 W TEMPLE ST, LOS ANGELES, CA, 90026","-118.27627599803,34.073202577981","141605244","R","06","037","195802","2001"
